BSSID,SSID,BeaconCount,CaptureTimeSpan_ms,MeanInterBeaconTime_ms,StdInterBeaconTime_ms,MinInterBeaconTime_ms,MaxInterBeaconTime_ms,ExpectedBeaconInterval_TU,TimingJitter,MissedBeacons,MeanSeqGap,StdSeqGap,MaxSeqGap,SeqNumberResets,ChannelChanges,UniqueChannels,MeanRSSI,StdRSSI,RSSIRange,Encryption,HasHT,SuspicionScore,SuspicionReasons
00:EB:D8:57:47:D0,NSG home_EXT,21,1434203,71710.15,139674.99730945897,71.0,487637.0,100,1.9477716516770809,16,-65.3,1247.5519649550306,3644.0,3,3,2,-92.57142857142857,1.468721504282843,5,WPA2,1,11,High_Jitter; Missed_Beacons; Channel_Hopping; Seq_Gaps; Seq_Resets; Weak_Signal; 
04:AB:08:2A:8A:52,Tanyaa-4G,102,1560795,15453.415841584158,65427.52406751571,52.0,438354.0,100,4.233855138177319,80,-12.386138613861386,599.1055327786087,3689.0,4,46,3,-86.09803921568627,5.72731824985137,26,WPA2,1,11,High_Jitter; Missed_Beacons; Channel_Hopping; Seq_Gaps; Seq_Resets; Weak_Signal; 
F0:A7:31:F9:A5:75,SG,56,1430675,26012.272727272728,76714.51435884302,44.0,356995.0,100,2.949166155537884,46,52.763636363636365,516.319667118345,2304.0,3,32,4,-87.51785714285714,5.059612171369988,19,WPA2,1,11,High_Jitter; Missed_Beacons; Channel_Hopping; Seq_Gaps; Seq_Resets; Weak_Signal; 
F0:A7:31:F8:68:16,JVACT,338,1661304,4929.685459940652,29891.447288612726,6.0,334662.0,100,6.063560753612264,235,9.798219584569733,439.74490129063054,2442.0,29,145,3,-86.63313609467455,5.553759086182799,25,WPA2,1,11,High_Jitter; Missed_Beacons; Channel_Hopping; Seq_Gaps; Seq_Resets; Weak_Signal; 
F0:A7:31:E8:CB:A5,Saurabh’s Wi-Fi ,125,1355891,10934.604838709678,55552.00074943604,30.0,432134.0,100,5.080384848265901,99,10.709677419354838,285.82582604169176,1122.0,3,65,5,-88.592,5.410706232598835,25,WPA2,1,11,High_Jitter; Missed_Beacons; Channel_Hopping; Seq_Gaps; Seq_Resets; Weak_Signal; 
04:AB:08:31:B0:12,ABFAMILY,87,1655179,19246.267441860466,61578.871727704194,96.0,350753.0,100,3.199522811917866,77,-7.406976744186046,715.4465718187648,2793.0,5,27,3,-88.85057471264368,5.399243563797949,23,WPA2,1,11,High_Jitter; Missed_Beacons; Channel_Hopping; Seq_Gaps; Seq_Resets; Weak_Signal; 
04:AB:08:36:36:22,Kushi,139,1164117,8435.630434782608,44109.88398763446,53.0,314785.0,100,5.228996732778539,85,-15.652173913043478,442.0847039122659,2080.0,3,77,5,-86.74820143884892,5.7371071905316615,26,WPA2,1,11,High_Jitter; Missed_Beacons; Channel_Hopping; Seq_Gaps; Seq_Resets; Weak_Signal; 
04:AB:08:7C:EB:C2,Jio4G,76,1163720,15516.266666666666,58113.90279241075,53.0,312035.0,100,3.7453534433969553,62,-12.786666666666667,382.52331825525226,2027.0,3,43,4,-89.77631578947368,3.489407530266521,16,WPA2,1,11,High_Jitter; Missed_Beacons; Channel_Hopping; Seq_Gaps; Seq_Resets; Weak_Signal; 
EA:48:B8:F9:00:99,ACT103619873565_5g,137,1420658,10446.014705882353,48704.67651255241,8.0,337653.0,100,4.662512726548561,90,-6.8088235294117645,589.7847129464042,2500.0,14,78,4,-85.4014598540146,5.67432278158605,24,WPA2,1,11,High_Jitter; Missed_Beacons; Channel_Hopping; Seq_Gaps; Seq_Resets; Weak_Signal; 
FC:7A:58:1B:1B:9A,VKS_4G,82,1658189,20471.46913580247,71834.32089539207,35.0,480705.0,100,3.5089968587673233,72,-9.333333333333334,1039.398912833759,3273.0,9,50,5,-87.95121951219512,6.295015545386016,31,WPA2,1,11,High_Jitter; Missed_Beacons; Channel_Hopping; Seq_Gaps; Seq_Resets; Weak_Signal; 
FC:7A:58:30:93:DA,BrownArc-Jio,253,1271134,5044.18253968254,27368.146434447895,53.0,276255.0,100,5.425685175688477,177,2.8412698412698414,380.7580594077541,2329.0,3,128,5,-88.8695652173913,4.999482374862736,29,WPA2,1,11,High_Jitter; Missed_Beacons; Channel_Hopping; Seq_Gaps; Seq_Resets; Weak_Signal; 
FE:7A:58:1B:1B:9A,,66,1651888,25413.66153846154,79431.0719773906,79.0,477300.0,100,3.125526475358638,61,-13.538461538461538,1008.8370172648534,3270.0,7,39,5,-87.8030303030303,6.416852084627686,31,WEP,0,11,High_Jitter; Missed_Beacons; Channel_Hopping; Seq_Gaps; Seq_Resets; Weak_Signal; 
AC:15:A2:92:C5:D3,ACTFIBERNET,322,1248658,3889.9003115264795,25700.96542513104,43.0,288727.0,100,6.607101303436317,174,-1.0124610591900312,378.33266590956265,2186.0,3,177,5,-87.14285714285714,5.395691303827057,30,WPA2,1,11,High_Jitter; Missed_Beacons; Channel_Hopping; Seq_Gaps; Seq_Resets; Weak_Signal; 
AC:15:A2:DA:26:A2,TP-Link_26A2,67,1196332,18126.242424242424,57969.309877677275,102.0,289286.0,100,3.1980875306483703,46,-23.651515151515152,861.230327316669,3528.0,3,21,4,-91.46268656716418,3.4347967969932385,17,WPA2,1,11,High_Jitter; Missed_Beacons; Channel_Hopping; Seq_Gaps; Seq_Resets; Weak_Signal; 
B0:19:21:74:6F:B8,ACT-ai_103742862979,63,1433495,23120.887096774193,72168.95443289909,63.0,357392.0,100,3.1213748039904,51,-42.17741935483871,867.8373822927349,3013.0,4,29,3,-90.2063492063492,3.2086512600072536,16,WPA2,1,11,High_Jitter; Missed_Beacons; Channel_Hopping; Seq_Gaps; Seq_Resets; Weak_Signal; 
B2:10:41:BD:D6:51,DIRECT-dQ-BRAVIA,181,1713793,9521.072222222223,71882.00655738142,15.0,893752.0,100,7.549780620512333,89,-1.6888888888888889,1189.392997100551,3092.0,35,19,2,-74.32044198895028,12.167674470735264,48,WPA2,1,11,High_Jitter; Missed_Beacons; Channel_Hopping; Seq_Gaps; Seq_Resets; RSSI_Variance; 
B4:A7:C6:70:FC:04,Pranav_JIO_4G,244,1418098,5835.794238683127,40369.858569946555,53.0,464815.0,100,6.9176288456905155,217,-9.008230452674898,395.75740745033994,2337.0,3,100,3,-86.3688524590164,5.176236966214496,24,WPA2,1,11,High_Jitter; Missed_Beacons; Channel_Hopping; Seq_Gaps; Seq_Resets; Weak_Signal; 
36:60:F9:A8:56:6D,,111,1430976,13008.872727272726,61663.094321371886,22.0,494337.0,100,4.740079760128401,70,0.12727272727272726,593.0354060487082,3158.0,5,64,5,-85.7927927927928,6.003206896192487,28,WEP,0,11,High_Jitter; Missed_Beacons; Channel_Hopping; Seq_Gaps; Seq_Resets; Weak_Signal; 
36:68:93:B4:3D:7E,,77,1290464,16979.78947368421,73583.26529754182,22.0,494012.0,100,4.333579365471509,55,-36.26315789473684,369.42006328554316,381.0,3,43,4,-87.1038961038961,4.561233719257888,18,WEP,0,11,High_Jitter; Missed_Beacons; Channel_Hopping; Seq_Gaps; Seq_Resets; Weak_Signal; 
3C:64:CF:3B:19:42,Fareed,123,1401343,11486.418032786885,56409.83277819102,53.0,435794.0,100,4.911002943847553,66,28.049180327868854,400.19201697918464,2908.0,3,64,5,-87.35772357723577,4.674889463584636,22,WPA2,1,11,High_Jitter; Missed_Beacons; Channel_Hopping; Seq_Gaps; Seq_Resets; Weak_Signal; 
3C:64:CF:8E:60:A0,Villa41,85,1398027,16643.178571428572,62444.90746947539,52.0,347707.0,100,3.7519820626645735,65,-16.107142857142858,545.5468355951513,2837.0,4,50,4,-88.15294117647059,4.449467283129684,17,WPA2,1,11,High_Jitter; Missed_Beacons; Channel_Hopping; Seq_Gaps; Seq_Resets; Weak_Signal; 
14:EB:B6:8A:64:71,Vani,91,1629061,18100.67777777778,71154.69565921619,53.0,470948.0,100,3.9310514517109314,55,-14.144444444444444,701.1487614215305,2478.0,4,27,3,-90.6923076923077,4.202359939347064,19,WPA2,1,11,High_Jitter; Missed_Beacons; Channel_Hopping; Seq_Gaps; Seq_Resets; Weak_Signal; 
16:EB:B6:AA:64:71,,99,1641964,16754.73469387755,56056.61579035101,32.0,341111.0,100,3.3457179007131206,73,-10.418367346938776,632.5958290710837,2478.0,6,36,4,-90.76767676767676,4.022458083972025,19,WEP,0,11,High_Jitter; Missed_Beacons; Channel_Hopping; Seq_Gaps; Seq_Resets; Weak_Signal; 
1A:67:E3:A0:4F:D9,Suman 1+,69,1420437,20888.779411764706,70196.73124716304,42.0,350665.0,100,3.3604994269922375,46,-4.852941176470588,402.8223290697656,1409.0,4,30,5,-90.14492753623189,4.8394073601643575,22,WPA2,1,11,High_Jitter; Missed_Beacons; Channel_Hopping; Seq_Gaps; Seq_Resets; Weak_Signal; 
1C:3B:F3:EE:C6:D8,JBNR_EXT,41,1339504,33487.6,99191.00643521453,43.0,448467.0,100,2.9620219553581775,35,-39.25,585.9640205109298,1105.0,3,18,4,-89.07317073170732,4.372586442269832,18,WPA2,1,11,High_Jitter; Missed_Beacons; Channel_Hopping; Seq_Gaps; Seq_Resets; Weak_Signal; 
BA:A9:15:4E:AF:EE,SanD-JioFiber,216,1638635,7621.558139534884,36658.957904323324,43.0,341304.0,100,4.809903333198293,179,9.427906976744186,282.2968762143237,1230.0,5,83,4,-90.13425925925925,4.0296035245455775,20,WPA2,1,11,High_Jitter; Missed_Beacons; Channel_Hopping; Seq_Gaps; Seq_Resets; Weak_Signal; 
A6:36:C7:7C:3E:66,,46,1154137,25647.48888888889,80324.95055302845,68.0,328096.0,100,3.1318836279794735,27,-4.266666666666667,230.86904985687926,938.0,3,22,4,-90.3913043478261,4.019277220095757,15,WEP,0,11,High_Jitter; Missed_Beacons; Channel_Hopping; Seq_Gaps; Seq_Resets; Weak_Signal; 
A8:40:41:25:54:E8,dragino-2554e8,77,1417375,18649.67105263158,66780.73874032605,52.0,350614.0,100,3.580799819379232,44,-2.8815789473684212,370.13546951011557,1771.0,4,36,4,-90.68831168831169,2.8109735167906558,12,WPA2,1,11,High_Jitter; Missed_Beacons; Channel_Hopping; Seq_Gaps; Seq_Resets; Weak_Signal; 
A8:88:1F:20:7B:61,JioFiber_24GH_KRR,456,1658548,3645.1604395604395,17346.27571812406,12.0,236792.0,100,4.758713916981138,357,-1.4197802197802198,488.61012723445975,2515.0,21,162,3,-85.9451754385965,7.735124594770674,42,WPA2,1,11,High_Jitter; Missed_Beacons; Channel_Hopping; Seq_Gaps; Seq_Resets; Weak_Signal; 
AA:90:0A:C7:E0:0B,Jocelyn_Home,73,1447063,20098.097222222223,53387.727984854166,43.0,237567.0,100,2.656357335318671,55,-7.402777777777778,732.1967652829169,2438.0,4,25,3,-90.4931506849315,3.8010352671316654,18,WPA2,1,11,High_Jitter; Missed_Beacons; Channel_Hopping; Seq_Gaps; Seq_Resets; Weak_Signal; 
9C:A2:F4:FA:D3:9C,Isha99_FF,253,1244926,4940.18253968254,29235.143885917365,53.0,292257.0,100,5.917826648138028,149,9.702380952380953,521.1217240808999,3596.0,5,151,5,-85.76679841897233,4.747280385484956,23,WPA2,1,11,High_Jitter; Missed_Beacons; Channel_Hopping; Seq_Gaps; Seq_Resets; Weak_Signal; 
9E:A2:F4:17:B6:BF,Athidi 1,195,1616455,8332.242268041236,39011.10013813548,49.0,302192.0,100,4.681945012938799,109,4.902061855670103,485.0247423803401,1402.0,7,99,5,-85.23076923076923,7.308593792219329,30,WPA2,1,11,High_Jitter; Missed_Beacons; Channel_Hopping; Seq_Gaps; Seq_Resets; Weak_Signal; 
3C:84:6A:7B:5C:B8,ISHACODEFIELD,107,1421225,13407.783018867925,55975.8579151175,42.0,347469.0,100,4.174877966936915,66,25.62264150943396,305.70139345228745,1998.0,4,57,4,-87.54205607476635,4.089287371214345,16,WPA2,1,11,High_Jitter; Missed_Beacons; Channel_Hopping; Seq_Gaps; Seq_Resets; Weak_Signal; 
3C:84:6A:7B:AF:FE,Sekar,131,1561064,12008.184615384615,50857.50258857633,43.0,337849.0,100,4.23523656683156,101,-13.392307692307693,589.6200917994128,3301.0,7,72,5,-88.56488549618321,4.864469670898948,25,WPA2,1,11,High_Jitter; Missed_Beacons; Channel_Hopping; Seq_Gaps; Seq_Resets; Weak_Signal; 
3E:64:CF:AE:60:A0,,73,1398678,19426.083333333332,67745.72440970555,22.0,347283.0,100,3.4873588897857193,58,-18.65277777777778,581.1717682557604,2831.0,4,42,4,-88.17808219178082,4.363174385166482,19,WEP,0,11,High_Jitter; Missed_Beacons; Channel_Hopping; Seq_Gaps; Seq_Resets; Weak_Signal; 
3E:84:6A:79:5C:B8,ACTFIBERNET_5G,92,1417879,15581.087912087913,60604.539164002184,42.0,347622.0,100,3.88962179676139,57,29.142857142857142,333.51463640807833,2124.0,4,43,4,-87.03260869565217,4.300398874820907,20,WPA2,1,11,High_Jitter; Missed_Beacons; Channel_Hopping; Seq_Gaps; Seq_Resets; Weak_Signal; 
42:64:CF:3B:19:42,,147,1401514,9599.410958904109,51728.55973420075,22.0,444952.0,100,5.388722282051094,87,-11.472602739726028,520.485863138445,3364.0,3,78,4,-88.59863945578232,4.689919040025555,23,WEP,0,11,High_Jitter; Missed_Beacons; Channel_Hopping; Seq_Gaps; Seq_Resets; Weak_Signal; 
42:6A:D2:16:D4:4A,,19,1144909,63606.055555555555,121704.20908496439,39.0,351491.0,100,1.9134060117397258,17,-18.88888888888889,634.0910019017857,1969.0,3,10,3,-92.21052631578948,2.1493913187076177,8,WEP,0,11,High_Jitter; Missed_Beacons; Channel_Hopping; Seq_Gaps; Seq_Resets; Weak_Signal; 
48:41:7B:C8:D1:6A,Airtel_vid_2g,23,1375251,62511.40909090909,113350.75508419875,100.0,360257.0,100,1.8132810751000947,17,40.22727272727273,707.9517693969044,2027.0,3,11,3,-91.78260869565217,2.9535267322478673,12,WPA2,1,11,High_Jitter; Missed_Beacons; Channel_Hopping; Seq_Gaps; Seq_Resets; Weak_Signal; 
30:DE:4B:A6:BB:4C,Jocelyn_Home_EXT,135,1424309,10629.171641791045,52294.61560784075,43.0,468340.0,100,4.919914492425023,115,-3.3582089552238807,608.5668904855605,3440.0,4,67,3,-86.11851851851851,5.451347706639557,25,WPA2,1,11,High_Jitter; Missed_Beacons; Channel_Hopping; Seq_Gaps; Seq_Resets; Weak_Signal; 
9E:A2:F4:20:C6:7A,Arvind ,87,1424247,16561.011627906977,68928.43486305526,52.0,465207.0,100,4.162090843698327,77,-10.569767441860465,1046.5029894080308,2899.0,5,56,5,-86.72413793103448,5.159524169453266,26,WPA2,1,11,High_Jitter; Missed_Beacons; Channel_Hopping; Seq_Gaps; Seq_Resets; Weak_Signal; 
9E:A2:F4:20:C6:82,Arvind ,169,1427558,8497.369047619048,48209.38869769563,53.0,461722.0,100,5.673448854799402,125,4.398809523809524,552.5596848015927,1020.0,5,105,5,-86.46153846153847,5.86657196893268,31,WPA2,1,11,High_Jitter; Missed_Beacons; Channel_Hopping; Seq_Gaps; Seq_Resets; Weak_Signal; 
9E:A2:F4:27:B6:BF,,189,1616455,8598.16489361702,40104.70003860605,22.0,301982.0,100,4.664332509337435,111,5.058510638297872,476.53586403677735,1396.0,7,95,5,-85.19047619047619,7.3878648547778685,32,WEP,0,11,High_Jitter; Missed_Beacons; Channel_Hopping; Seq_Gaps; Seq_Resets; Weak_Signal; 
9E:A2:F4:AA:D3:9C,,184,1235140,6749.398907103825,35099.797092325425,22.0,292240.0,100,5.200433041553082,112,11.295081967213115,593.0865718248701,3604.0,4,112,5,-85.28260869565217,4.969472021645061,20,WEP,0,11,High_Jitter; Missed_Beacons; Channel_Hopping; Seq_Gaps; Seq_Resets; Weak_Signal; 
A2:E5:32:B6:46:90,J2G,181,1414667,7859.261111111111,41527.11834470626,53.0,337927.0,100,5.283845103544533,132,5.711111111111111,385.84924095734834,1999.0,4,67,3,-85.29281767955801,7.286776708144168,30,WPA2,1,11,High_Jitter; Missed_Beacons; Channel_Hopping; Seq_Gaps; Seq_Resets; Weak_Signal; 
A4:2B:B0:01:A6:3A,JVACT1,356,1658547,4671.96338028169,27384.89771209754,5.0,325195.0,100,5.861539459366409,271,-1.656338028169014,377.18063556512175,3175.0,16,187,5,-86.01404494382022,8.251150969697193,39,WPA2,1,11,High_Jitter; Missed_Beacons; Channel_Hopping; Seq_Gaps; Seq_Resets; Weak_Signal; 
C0:06:C3:20:05:77,Anu,41,1394960,34874.0,80657.05845978153,95.0,353839.0,100,2.3128135131464336,33,55.15,532.2761742188219,1482.0,3,21,3,-91.7560975609756,3.0559817391869184,15,WPA2,1,11,High_Jitter; Missed_Beacons; Channel_Hopping; Seq_Gaps; Seq_Resets; Weak_Signal; 
C0:68:CC:6D:12:E2,Elli4g,63,1346253,21713.75806451613,87033.97211013855,53.0,496997.0,100,4.008240851147652,53,-37.645161290322584,641.6748856785882,1114.0,3,41,5,-88.22222222222223,4.91687169246294,21,WPA2,1,11,High_Jitter; Missed_Beacons; Channel_Hopping; Seq_Gaps; Seq_Resets; Weak_Signal; 
50:91:E3:F7:90:7E,palani-1st floor ,129,1645708,12857.09375,46528.07002338887,52.0,292243.0,100,3.618863712475458,78,3.3515625,707.7348761776328,2644.0,6,63,4,-89.52713178294573,4.672187521954794,28,WPA2,1,11,High_Jitter; Missed_Beacons; Channel_Hopping; Seq_Gaps; Seq_Resets; Weak_Signal; 
52:91:E3:A7:90:7E,,141,1645504,11753.6,44203.088568446525,22.0,286008.0,100,3.760812735220333,91,3.007142857142857,689.1472730682386,2640.0,7,69,5,-89.35460992907801,4.342702831471679,27,WEP,0,11,High_Jitter; Missed_Beacons; Channel_Hopping; Seq_Gaps; Seq_Resets; Weak_Signal; 
48:55:5E:19:F2:7A,Nest,109,1466168,13575.62962962963,55154.98933711647,60.0,347412.0,100,4.06279420091681,70,25.564814814814813,358.25483732960095,2416.0,3,51,4,-87.76146788990826,4.975679895043578,23,WPA2,1,11,High_Jitter; Missed_Beacons; Channel_Hopping; Seq_Gaps; Seq_Resets; Weak_Signal; 
48:55:5E:1F:AF:DA,Shibjen,61,1339512,22325.2,89114.51083455129,52.0,497237.0,100,3.9916556550695907,44,-54.31666666666667,771.4277208728458,2724.0,3,40,4,-89.14754098360656,4.1666775956140825,20,WPA2,1,11,High_Jitter; Missed_Beacons; Channel_Hopping; Seq_Gaps; Seq_Resets; Weak_Signal; 
4A:55:5E:17:C0:D2,,59,1222244,21073.172413793105,71631.93503222553,22.0,344780.0,100,3.3992003492526264,43,-12.0,488.0477759184518,1981.0,3,38,4,-88.38983050847457,3.7186248345904023,19,WEP,0,11,High_Jitter; Missed_Beacons; Channel_Hopping; Seq_Gaps; Seq_Resets; Weak_Signal; 
C0:68:CC:6D:DD:52,JBNR,106,1401379,13346.466666666667,60201.6977142203,52.0,429255.0,100,4.510684304188596,87,-19.866666666666667,382.8197272734826,1017.0,3,53,5,-87.93396226415095,6.246170435020513,27,WPA2,1,11,High_Jitter; Missed_Beacons; Channel_Hopping; Seq_Gaps; Seq_Resets; Weak_Signal; 
C0:68:CC:6E:74:72,JioFiber-satz,540,1714215,3180.3617810760666,22986.739253052623,1.0,298970.0,100,7.2277120743311825,242,-0.48794063079777367,1205.140173456839,2510.0,90,311,5,-80.37777777777778,10.082124129542974,48,WPA2,1,11,High_Jitter; Missed_Beacons; Channel_Hopping; Seq_Gaps; Seq_Resets; RSSI_Variance; 
C2:06:C3:21:05:77,Anu_5G,35,1394526,41015.470588235294,89491.23888056247,56.0,357063.0,100,2.1818898477797757,26,64.70588235294117,583.833492733225,1426.0,3,16,3,-92.45714285714286,2.8111422960076853,14,WPA2,1,11,High_Jitter; Missed_Beacons; Channel_Hopping; Seq_Gaps; Seq_Resets; Weak_Signal; 
C2:68:CC:5D:12:E2,,51,1346549,26930.98,96440.80841518854,32.0,497298.0,100,3.5810359820402935,43,-46.56,716.1566685282983,1120.0,3,24,4,-89.01960784313725,4.822821564513585,21,WEP,0,11,High_Jitter; Missed_Beacons; Channel_Hopping; Seq_Gaps; Seq_Resets; Weak_Signal; 
CA:78:C9:FE:B1:30,babu_5G,362,1655572,4586.072022160665,22043.09998503736,6.0,253599.0,100,4.8065315751071696,307,2.623268698060942,500.67592302956626,1825.0,9,184,5,-85.95027624309392,6.942802521221969,39,WPA2,1,11,High_Jitter; Missed_Beacons; Channel_Hopping; Seq_Gaps; Seq_Resets; Weak_Signal; 
CA:78:C9:FE:B1:3C,suresh4G,302,1655305,5499.352159468439,24205.752126073334,44.0,253174.0,100,4.401564296986478,274,3.132890365448505,550.2574085049813,1763.0,9,165,5,-85.85761589403974,6.664448616373158,38,WPA2,1,11,High_Jitter; Missed_Beacons; Channel_Hopping; Seq_Gaps; Seq_Resets; Weak_Signal; 
9A:BA:5F:51:B7:4B,,19,1488728,82707.11111111111,156604.90141487718,112.0,565750.0,100,1.8934877462059603,17,-115.38888888888889,870.4968925098361,1427.0,3,13,3,-88.26315789473684,3.9558972189653185,13,WEP,0,11,High_Jitter; Missed_Beacons; Channel_Hopping; Seq_Gaps; Seq_Resets; Weak_Signal; 
9A:BA:5F:51:E0:F7,,43,1391645,33134.40476190476,87695.4431263384,96.0,347800.0,100,2.6466581715847455,36,25.476190476190474,539.0555986571981,1941.0,3,28,3,-86.4186046511628,5.803252610716457,24,WEP,0,11,High_Jitter; Missed_Beacons; Channel_Hopping; Seq_Gaps; Seq_Resets; Weak_Signal; 
9C:53:22:40:D3:D5,stupidshanG_EXT,45,1235402,28077.31818181818,78679.86617661995,61.0,331041.0,100,2.8022571694460416,32,-3.3863636363636362,847.0227809437193,2673.0,3,22,3,-87.2,6.0173990152798496,25,WPA2,1,11,High_Jitter; Missed_Beacons; Channel_Hopping; Seq_Gaps; Seq_Resets; Weak_Signal; 
9C:A2:F4:70:C6:7A,,116,1427568,12413.634782608695,59032.454640205346,22.0,464991.0,100,4.755452828220259,96,-6.773913043478261,867.209570786888,2363.0,5,72,5,-87.39655172413794,4.61543593559289,26,WEP,0,11,High_Jitter; Missed_Beacons; Channel_Hopping; Seq_Gaps; Seq_Resets; Weak_Signal; 
E0:D3:62:1B:80:C2,Deco_Nest,39,1394799,36705.23684210526,89401.36148652935,117.0,347483.0,100,2.4356568483312366,35,-79.0,683.0528450926686,1995.0,4,21,3,-86.12820512820512,4.46141048725204,16,WPA2,1,11,High_Jitter; Missed_Beacons; Channel_Hopping; Seq_Gaps; Seq_Resets; Weak_Signal; 
E6:D3:62:1B:80:C2,,45,1392051,31637.522727272728,84129.73595045033,53.0,353936.0,100,2.6591758360166478,39,22.045454545454547,530.9739604943394,2212.0,3,30,4,-85.71111111111111,4.712759383853689,20,WEP,0,11,High_Jitter; Missed_Beacons; Channel_Hopping; Seq_Gaps; Seq_Resets; Weak_Signal; 
50:2B:73:84:39:B1,Naboo,165,1448715,8833.628048780487,42474.42203770983,48.0,346053.0,100,4.808264712794344,91,13.890243902439025,283.95659851971203,2267.0,3,90,8,-86.38787878787879,5.661797394937018,30,WPA2,1,11,High_Jitter; Missed_Beacons; Channel_Hopping; Seq_Gaps; Seq_Resets; Weak_Signal; 
50:2B:73:99:B3:C1,Jyosthna,49,1427961,29749.1875,100771.18964999239,53.0,503952.0,100,3.3873593907936153,33,-27.0,336.78214436926055,1229.0,3,33,4,-86.6734693877551,4.6654213595971195,18,WPA2,1,11,High_Jitter; Missed_Beacons; Channel_Hopping; Seq_Gaps; Seq_Resets; Weak_Signal; 
50:2B:73:FD:4F:28,Cctv,417,1665101,4002.6466346153848,25519.27226240088,6.0,292429.0,100,6.375599593361914,283,-1.2644230769230769,342.79374849658655,2456.0,23,226,5,-86.02158273381295,6.856146483580741,34,WPA2,1,11,High_Jitter; Missed_Beacons; Channel_Hopping; Seq_Gaps; Seq_Resets; Weak_Signal; 
50:91:E3:68:D3:83,Home_WiFi_2G_ACT,25,1424262,59344.25,133182.8269175905,102.0,503651.0,100,2.244241470999233,21,10.625,530.158451498844,1785.0,3,10,3,-89.44,3.731398308052001,14,WPA2,1,11,High_Jitter; Missed_Beacons; Channel_Hopping; Seq_Gaps; Seq_Resets; Weak_Signal; 
9C:A2:F4:70:C6:82,,153,1424190,9369.671052631578,50483.23146894131,32.0,462000.0,100,5.387940641670081,114,3.9276315789473686,554.4837596911572,1014.0,5,94,5,-86.16993464052288,5.887979335357315,28,WEP,0,11,High_Jitter; Missed_Beacons; Channel_Hopping; Seq_Gaps; Seq_Resets; Weak_Signal; 
9C:A2:F4:A6:0C:69,TP-Link_0C69,31,1518730,50624.333333333336,151862.22023593792,105.0,689223.0,100,2.9997870635255404,28,-72.3,856.1393356626978,2745.0,3,19,4,-90.09677419354838,5.217629338500244,20,WPA2,1,11,High_Jitter; Missed_Beacons; Channel_Hopping; Seq_Gaps; Seq_Resets; Weak_Signal; 
9C:A2:F4:E8:A2:D4,Palani,58,1697437,29779.59649122807,74718.17544419345,49.0,324605.0,100,2.509039216286679,44,-7.175438596491228,675.7575675493769,2856.0,5,29,3,-88.34482758620689,5.189570256142234,21,WPA2,1,11,High_Jitter; Missed_Beacons; Channel_Hopping; Seq_Gaps; Seq_Resets; Weak_Signal; 
98:BA:5F:F1:B7:4B,ACT-Shivoham2,19,1488896,82716.44444444444,163215.0363345032,178.0,561713.0,100,1.973187283722665,18,-115.27777777777777,811.1085229164544,1391.0,3,11,3,-88.6842105263158,4.89957630343853,21,WPA2,1,11,High_Jitter; Missed_Beacons; Channel_Hopping; Seq_Gaps; Seq_Resets; Weak_Signal; 
98:BA:5F:F1:E0:F7,Villa41,60,1391628,23586.915254237287,75427.1188984458,85.0,350998.0,100,3.19783736373487,52,18.11864406779661,452.4420742022945,1937.0,4,39,5,-85.86666666666666,6.225880011765723,24,WPA2,1,11,High_Jitter; Missed_Beacons; Channel_Hopping; Seq_Gaps; Seq_Resets; Weak_Signal; 
98:BA:5F:F1:E1:6C,Villa41,34,1388254,42068.30303030303,99594.79967708053,53.0,360291.0,100,2.3674546511413124,28,31.424242424242426,614.2434386250612,2033.0,4,21,4,-89.76470588235294,3.393923478444985,14,WPA2,1,11,High_Jitter; Missed_Beacons; Channel_Hopping; Seq_Gaps; Seq_Resets; Weak_Signal; 
98:DE:D0:A2:2F:02,Wi-Fi_1stFloor,38,1433856,38752.86486486487,94295.46711627064,48.0,328322.0,100,2.4332515142468862,29,39.37837837837838,1255.6158372012637,3271.0,3,16,4,-90.10526315789474,3.4546441416001823,13,WPA2,1,11,High_Jitter; Missed_Beacons; Channel_Hopping; Seq_Gaps; Seq_Resets; Weak_Signal; 
9A:78:C9:62:4F:27,JioFiber-CqkfQ,149,1661683,11227.587837837838,44618.986745894705,44.0,331253.0,100,3.9740492246741748,127,22.283783783783782,910.6792041089277,2844.0,12,76,4,-88.09395973154362,5.824392187148702,31,WPA2,1,11,High_Jitter; Missed_Beacons; Channel_Hopping; Seq_Gaps; Seq_Resets; Weak_Signal; 
9A:BA:5F:41:AA:D6,,44,1488997,34627.83720930233,86768.91691974291,106.0,341037.0,100,2.505756175090479,39,47.0,495.92717399307924,2063.0,3,15,2,-85.20454545454545,7.331294963039964,27,WEP,0,11,High_Jitter; Missed_Beacons; Channel_Hopping; Seq_Gaps; Seq_Resets; Weak_Signal; 
9A:BA:5F:41:B7:4B,,21,1488987,74449.35,155955.85018583573,107.0,561723.0,100,2.0947912934597945,19,-103.75,784.2676016849297,1391.0,3,14,3,-88.0952380952381,4.471071033933166,20,WEP,0,11,High_Jitter; Missed_Beacons; Channel_Hopping; Seq_Gaps; Seq_Resets; Weak_Signal; 
9A:BA:5F:41:E0:F7,,64,1392053,22096.079365079364,73089.77475929563,101.0,347691.0,100,3.3078164478128578,54,17.03174603174603,436.4108735914331,1937.0,3,49,5,-86.1875,5.967837075949658,24,WEP,0,11,High_Jitter; Missed_Beacons; Channel_Hopping; Seq_Gaps; Seq_Resets; Weak_Signal; 
54:AF:97:24:47:83,TNPOLICE,207,1420836,6897.26213592233,38148.24993651418,23.0,334452.0,100,5.530926500864666,106,-12.174757281553399,368.3285761960695,1712.0,6,122,4,-86.60386473429952,7.0143808272278285,36,WPA2,1,11,High_Jitter; Missed_Beacons; Channel_Hopping; Seq_Gaps; Seq_Resets; Weak_Signal; 
54:AF:97:5A:DE:83,ACTGF,68,1413795,21101.417910447763,71033.85871287639,84.0,353998.0,100,3.3663073737968907,47,38.44776119402985,377.93743604344576,2184.0,3,28,3,-91.5,3.220735060255377,19,WPA2,1,11,High_Jitter; Missed_Beacons; Channel_Hopping; Seq_Gaps; Seq_Resets; Weak_Signal; 
56:AF:97:21:03:9A,ICF61_5G,36,1463371,41810.6,93502.08075954622,43.0,351225.0,100,2.2363247778627886,31,-15.942857142857143,833.3281940457773,2314.0,4,20,4,-90.33333333333333,3.9060392800307135,14,WPA2,1,11,High_Jitter; Missed_Beacons; Channel_Hopping; Seq_Gaps; Seq_Resets; Weak_Signal; 
56:AF:97:59:DE:83,ACTGF_5g,54,1410828,26619.396226415094,79378.66399595229,90.0,354007.0,100,2.9819858917085753,37,47.471698113207545,424.7154977055719,2184.0,3,20,3,-91.35185185185185,3.1029955545569634,17,WPA2,1,11,High_Jitter; Missed_Beacons; Channel_Hopping; Seq_Gaps; Seq_Resets; Weak_Signal; 
DE:62:79:27:31:A5,,123,1427585,11701.516393442624,52387.23726129896,22.0,341282.0,100,4.476961403581771,75,-11.21311475409836,747.9361712006031,3788.0,6,77,4,-87.63414634146342,4.921129239798736,25,WEP,0,11,High_Jitter; Missed_Beacons; Channel_Hopping; Seq_Gaps; Seq_Resets; Weak_Signal; 
9A:BA:5F:41:E1:6C,,33,1387876,43371.125,100954.38237232408,70.0,357217.0,100,2.327686505019097,27,32.3125,631.040842065582,2030.0,3,21,4,-90.24242424242425,3.570979408984871,13,WEP,0,11,High_Jitter; Missed_Beacons; Channel_Hopping; Seq_Gaps; Seq_Resets; Weak_Signal; 
9A:BA:5F:51:AA:D6,,45,1488998,33840.86363636364,86368.47419795777,112.0,341038.0,100,2.552194740757103,39,45.93181818181818,491.8425441809449,2065.0,3,17,3,-86.22222222222223,6.4275291763734,26,WEP,0,11,High_Jitter; Missed_Beacons; Channel_Hopping; Seq_Gaps; Seq_Resets; Weak_Signal; 
8C:A3:99:66:B3:A6,Jio4G,66,1378550,21208.46153846154,63068.86105729914,47.0,331257.0,100,2.9737593620334044,45,20.753846153846155,473.89849357382263,1998.0,3,25,3,-89.8030303030303,4.434895530708516,20,WPA2,1,11,High_Jitter; Missed_Beacons; Channel_Hopping; Seq_Gaps; Seq_Resets; Weak_Signal; 
8E:57:9B:08:7F:06,DIRECT-EX,109,1242261,11502.416666666666,43199.49919213109,94.0,279402.0,100,3.755688951310991,82,-0.3611111111111111,698.9859471844701,2781.0,3,18,2,-86.85321100917432,3.915367841556204,19,WPA2,1,11,High_Jitter; Missed_Beacons; Channel_Hopping; Seq_Gaps; Seq_Resets; Weak_Signal; 
92:78:C9:D5:2A:26,Pagalavan1,75,1436476,19411.837837837837,67659.13797551504,42.0,347449.0,100,3.4854576128875037,58,-37.054054054054056,402.0095375373708,1398.0,5,44,5,-85.24,6.532331234050471,27,WPA2,1,11,High_Jitter; Missed_Beacons; Channel_Hopping; Seq_Gaps; Seq_Resets; Weak_Signal; 
94:A6:7E:49:80:14,TP-Link_26A2_2GEXT,158,1450543,9239.127388535031,41987.38044505175,42.0,299047.0,100,4.544517969587689,100,-1.5923566878980893,244.06170288064482,598.0,3,81,4,-89.70253164556962,3.6002644872249414,19,WPA2,1,11,High_Jitter; Missed_Beacons; Channel_Hopping; Seq_Gaps; Seq_Resets; Weak_Signal; 
98:25:4A:26:77:05,TP-Link_7705,48,1479388,31476.340425531915,83148.8048381456,59.0,344478.0,100,2.6416287189491108,26,46.4468085106383,503.3366842992195,2120.0,3,27,4,-90.33333333333333,3.822293693322661,15,WPA2,1,11,High_Jitter; Missed_Beacons; Channel_Hopping; Seq_Gaps; Seq_Resets; Weak_Signal; 
98:BA:5F:F1:AA:D6,ACT-Shivoham2,56,1489007,27072.854545454546,77894.07528827521,53.0,341032.0,100,2.8772021492826365,48,36.74545454545454,438.2924027439106,2064.0,3,22,3,-85.17857142857143,6.581260290627245,27,WPA2,1,11,High_Jitter; Missed_Beacons; Channel_Hopping; Seq_Gaps; Seq_Resets; Weak_Signal; 
78:20:51:A7:06:48,4G New 10 Jan26,116,1173249,10202.165217391304,46249.55200578295,43.0,305466.0,100,4.533307490689281,86,-3.365217391304348,513.0341175761135,2436.0,3,77,4,-85.95689655172414,4.605086490958167,20,WPA2,1,11,High_Jitter; Missed_Beacons; Channel_Hopping; Seq_Gaps; Seq_Resets; Weak_Signal; 
78:20:51:C9:AC:08,Vidya,136,1394508,10329.68888888889,42110.79839843023,53.0,288675.0,100,4.076676349822108,84,12.755555555555556,688.2197937992735,1416.0,5,65,5,-88.1029411764706,5.134169357267712,26,WPA2,1,11,High_Jitter; Missed_Beacons; Channel_Hopping; Seq_Gaps; Seq_Resets; Weak_Signal; 
5C:62:8B:F0:A0:69,SKYSUN-R1,113,1404485,12540.044642857143,54211.31525039924,43.0,347700.0,100,4.323056000997186,61,10.678571428571429,490.16585195172706,3079.0,4,61,3,-87.89380530973452,4.398382072377798,20,WPA2,1,11,High_Jitter; Missed_Beacons; Channel_Hopping; Seq_Gaps; Seq_Resets; Weak_Signal; 
5C:A6:E6:BB:86:25,Santhana G,38,1417494,38310.64864864865,93463.98569300969,1.0,351277.0,100,2.439634644344944,30,-56.729729729729726,581.6220923058702,2027.0,5,18,3,-91.47368421052632,3.659396214451033,15,WPA2,1,11,High_Jitter; Missed_Beacons; Channel_Hopping; Seq_Gaps; Seq_Resets; Weak_Signal; 
5C:A6:E6:CC:70:B4,ICF62,64,1476371,23434.460317460318,70345.2028168887,53.0,357278.0,100,3.0017846308786043,43,6.079365079365079,678.9367708121874,2156.0,4,29,3,-89.171875,6.072458479407413,32,WPA2,1,11,High_Jitter; Missed_Beacons; Channel_Hopping; Seq_Gaps; Seq_Resets; Weak_Signal; 
5E:A6:E6:EC:70:B4,,69,1476479,21712.926470588234,68277.56753711688,56.0,354296.0,100,3.1445585018886946,45,5.661764705882353,680.1519498863124,2291.0,4,25,3,-89.69565217391305,4.781411149767421,23,WEP,0,11,High_Jitter; Missed_Beacons; Channel_Hopping; Seq_Gaps; Seq_Resets; Weak_Signal; 
60:A4:B7:04:21:54,Dagobah,48,1443638,30715.702127659573,80728.92612691558,51.0,354331.0,100,2.628262436872335,32,-53.57446808510638,674.1418295065746,1936.0,4,19,3,-90.20833333333333,3.5786502467623857,14,WPA2,1,11,High_Jitter; Missed_Beacons; Channel_Hopping; Seq_Gaps; Seq_Resets; Weak_Signal; 
60:A4:B7:D0:84:4E,Coruscant,120,1462768,12292.16806722689,50908.10726771998,59.0,347492.0,100,4.141507583134056,105,-4.739495798319328,387.83981190441074,1594.0,4,76,5,-86.825,5.759409546067004,25,WPA2,1,11,High_Jitter; Missed_Beacons; Channel_Hopping; Seq_Gaps; Seq_Resets; Weak_Signal; 
60:A4:B7:D0:B1:75,VKS_4G_1,108,1641690,15342.897196261682,60335.63578846887,37.0,370176.0,100,3.9324799620789515,91,-5.485981308411215,461.5446454106933,1268.0,6,50,3,-88.33333333333333,4.087820981137967,23,WPA2,1,11,High_Jitter; Missed_Beacons; Channel_Hopping; Seq_Gaps; Seq_Resets; Weak_Signal; 
60:A4:B7:D0:B1:81,Charleshome_4g,262,1632761,6255.789272030652,31004.743110308013,49.0,311756.0,100,4.956168080017118,203,10.53639846743295,433.1242356157737,2214.0,10,150,5,-85.72519083969466,5.438691293892364,24,WPA2,1,11,High_Jitter; Missed_Beacons; Channel_Hopping; Seq_Gaps; Seq_Resets; Weak_Signal; 
54:AF:97:24:03:9A,ICF61,33,1459966,45623.9375,98325.3822170298,101.0,357889.0,100,2.1551270583534063,30,-19.4375,852.2854639713,2314.0,4,23,3,-88.93939393939394,3.3442057534207015,12,WPA2,1,11,High_Jitter; Missed_Beacons; Channel_Hopping; Seq_Gaps; Seq_Resets; Weak_Signal; 
CA:83:94:EE:7A:87,DHAYADOSS5G,46,1401209,31137.977777777778,85379.77543505491,53.0,354207.0,100,2.7419820272736484,40,-37.28888888888889,527.8192107075294,2074.0,4,21,2,-90.1304347826087,3.9474813103613524,20,WPA2,1,11,High_Jitter; Missed_Beacons; Channel_Hopping; Seq_Gaps; Seq_Resets; Weak_Signal; 
CA:BC:E5:CF:07:7A,POCO X7,46,1352540,30056.444444444445,80739.0740695988,61.0,347614.0,100,2.686248342386225,37,-32.53333333333333,988.5196599875079,3561.0,4,25,4,-89.93478260869566,3.604948290047036,14,WPA2,1,11,High_Jitter; Missed_Beacons; Channel_Hopping; Seq_Gaps; Seq_Resets; Weak_Signal; 
D8:07:B6:EC:81:0F,KARTHIKA,86,1407847,16562.90588235294,64417.55897095721,42.0,441735.0,100,3.8892667400653442,64,-31.023529411764706,522.5866748905001,1202.0,3,50,4,-88.80232558139535,4.684944013581882,24,WPA2,1,11,High_Jitter; Missed_Beacons; Channel_Hopping; Seq_Gaps; Seq_Resets; Weak_Signal; 
D8:07:B6:EC:94:89,Annai123,170,1430774,8466.118343195267,42045.424739601935,18.0,321834.0,100,4.966316679051631,128,-4.3076923076923075,493.69906006064247,2188.0,8,96,5,-85.10588235294118,6.674199248402691,27,WPA2,1,11,High_Jitter; Missed_Beacons; Channel_Hopping; Seq_Gaps; Seq_Resets; Weak_Signal; 
D8:0D:17:F6:48:8A,NISHA-SEN,307,1619525,5292.565359477124,28030.603604455977,49.0,309207.0,100,5.2962224734677665,204,1.630718954248366,267.6567613061998,1485.0,6,149,5,-85.33550488599349,5.680618061266097,29,WPA2,1,11,High_Jitter; Missed_Beacons; Channel_Hopping; Seq_Gaps; Seq_Resets; Weak_Signal; 
DA:07:B6:E9:94:89,Annai123_5G,152,1430392,9472.794701986755,44745.03051011257,42.0,328000.0,100,4.72353005771407,116,-4.860927152317881,518.6654932257733,2314.0,7,92,5,-85.05263157894737,5.938748584574384,27,WPA2,1,11,High_Jitter; Missed_Beacons; Channel_Hopping; Seq_Gaps; Seq_Resets; Weak_Signal; 
DC:62:79:A7:31:A5,MartinRouterKing,135,1427536,10653.253731343284,50465.45931828832,54.0,344173.0,100,4.737093529000925,83,-10.238805970149254,721.2176126513853,3920.0,6,78,5,-87.78518518518518,5.134584500019313,24,WPA2,1,11,High_Jitter; Missed_Beacons; Channel_Hopping; Seq_Gaps; Seq_Resets; Weak_Signal; 
78:54:2E:F7:A5:66,Ishara1,41,1397898,34947.45,90924.93110420887,53.0,353964.0,100,2.601761533433973,28,28.825,532.3264800949286,1997.0,3,23,3,-91.26829268292683,3.5286285596808176,16,WPA2,1,11,High_Jitter; Missed_Beacons; Channel_Hopping; Seq_Gaps; Seq_Resets; Weak_Signal; 
7A:20:51:29:AC:08,,141,1394593,9961.378571428571,40041.466595091995,21.0,288613.0,100,4.019671203534024,91,12.32857142857143,713.1544319305021,1420.0,5,71,5,-88.34751773049645,5.062446917679853,24,WEP,0,11,High_Jitter; Missed_Beacons; Channel_Hopping; Seq_Gaps; Seq_Resets; Weak_Signal; 
82:BB:C1:3F:20:6F,Rajkumar,60,1365975,23152.118644067796,83582.37422552278,43.0,481254.0,100,3.6101393357073492,40,-58.30508474576271,627.3529571977278,525.0,3,31,4,-89.31666666666666,4.188327875833054,20,WPA2,1,11,High_Jitter; Missed_Beacons; Channel_Hopping; Seq_Gaps; Seq_Resets; Weak_Signal; 
84:D8:1B:AB:51:2F,TP-Link_5130,75,1410931,19066.635135135137,67336.04664005472,92.0,354004.0,100,3.531616677996804,44,-12.41891891891892,601.4190754330176,2631.0,4,43,4,-88.06666666666666,4.278586952056288,18,WPA2,1,11,High_Jitter; Missed_Beacons; Channel_Hopping; Seq_Gaps; Seq_Resets; Weak_Signal; 
8C:86:DD:5B:46:50,ACT-ai_103781533200,189,1427559,7593.398936170212,40597.266061310496,15.0,330855.0,100,5.346389198990201,125,-12.76063829787234,1095.6416629672026,3901.0,12,101,5,-86.5978835978836,5.3112882364883305,26,WPA2,1,11,High_Jitter; Missed_Beacons; Channel_Hopping; Seq_Gaps; Seq_Resets; Weak_Signal; 
8C:90:2D:3B:B6:5A,SanD-JioFiber_EXT,277,1632463,5914.721014492754,31591.87157962792,15.0,344043.0,100,5.3412276752999155,218,-10.507246376811594,433.05434043025235,2429.0,6,123,4,-90.89169675090253,3.856460278379811,20,WPA2,1,11,High_Jitter; Missed_Beacons; Channel_Hopping; Seq_Gaps; Seq_Resets; Weak_Signal; 
62:A3:99:84:AC:E3,Aadhav_Aarhav,26,1404456,56178.24,141224.86899040363,207.0,669213.0,100,2.513871367061157,25,5.08,1293.5019301621987,2973.0,3,7,3,-92.65384615384616,1.8749358963400897,6,WPA2,1,11,High_Jitter; Missed_Beacons; Channel_Hopping; Seq_Gaps; Seq_Resets; Weak_Signal; 
62:A3:99:84:AC:E7,Aadhav_Aarhav5,36,1410776,40307.885714285716,125295.60706861368,100.0,669428.0,100,3.108463886040507,30,7.571428571428571,1221.2602768720296,3557.0,3,13,3,-92.47222222222223,2.3236192349880285,10,WPA2,1,11,High_Jitter; Missed_Beacons; Channel_Hopping; Seq_Gaps; Seq_Resets; Weak_Signal; 
62:A4:B7:D1:84:4E,Coruscant_5G,95,1453387,15461.563829787234,57014.82944475201,53.0,344851.0,100,3.687520232023585,83,-7.957446808510638,439.8760312871549,1656.0,4,47,4,-86.88421052631578,5.969538201417751,25,WPA2,1,11,High_Jitter; Missed_Beacons; Channel_Hopping; Seq_Gaps; Seq_Resets; Weak_Signal; 
62:A4:B7:D1:B1:81,Charleshome_5g,250,1626076,6530.425702811245,33272.63019134953,43.0,321718.0,100,5.095017032646306,202,10.514056224899598,416.2235276906373,2214.0,8,143,5,-85.656,5.39686656076457,27,WPA2,1,11,High_Jitter; Missed_Beacons; Channel_Hopping; Seq_Gaps; Seq_Resets; Weak_Signal; 
6C:4F:89:0B:6E:49,Airtel_khus_2604,72,1453574,20472.87323943662,83509.51275597795,53.0,565512.0,100,4.0790323749494855,53,-27.422535211267604,636.6989569416803,2116.0,4,39,4,-91.34722222222223,2.3083420196104427,15,WPA2,1,11,High_Jitter; Missed_Beacons; Channel_Hopping; Seq_Gaps; Seq_Resets; Weak_Signal; 
70:4F:57:62:66:89,Yochsa 4G,21,1150871,57543.55,111673.05932355206,60.0,334815.0,100,1.9406703152935714,16,12.4,886.0266955702622,3127.0,3,7,4,-91.66666666666667,2.287647991569799,7,WPA2,1,11,High_Jitter; Missed_Beacons; Channel_Hopping; Seq_Gaps; Seq_Resets; Weak_Signal; 
E8:65:D4:1B:18:51,Tenda_1B1850,258,1482639,5769.023346303502,33537.032308275695,43.0,334549.0,100,5.813294606261428,157,-2.1945525291828796,276.4666590458226,1887.0,4,134,5,-87.53875968992249,5.082246662694555,26,WPA2,1,11,High_Jitter; Missed_Beacons; Channel_Hopping; Seq_Gaps; Seq_Resets; Weak_Signal; 
04:AB:08:D8:1A:42,104A_4G,118,1427926,12204.495726495727,55939.0261700683,53.0,464937.0,100,4.5834770578879604,88,-2.9401709401709404,579.2266885550538,2596.0,3,76,5,-88.07627118644068,4.548234896964547,26,WPA2,1,11,High_Jitter; Missed_Beacons; Channel_Hopping; Seq_Gaps; Seq_Resets; Weak_Signal; 
06:AB:08:26:36:22,Jio_2,119,1160675,9836.228813559323,47642.18548928103,53.0,318414.0,100,4.84354180727906,85,-18.915254237288135,484.7562534257859,2154.0,3,66,5,-86.1344537815126,5.93313643546386,27,WPA2,1,11,High_Jitter; Missed_Beacons; Channel_Hopping; Seq_Gaps; Seq_Resets; Weak_Signal; 
10:27:F5:5C:C6:A3,Satz,562,1714356,3055.8930481283423,23850.295735048134,4.0,321608.0,100,7.804689284479753,194,7.221033868092691,895.6030217040125,2051.0,81,312,7,-70.88967971530249,14.710707666181031,58,WPA2,1,11,High_Jitter; Missed_Beacons; Channel_Hopping; Seq_Gaps; Seq_Resets; RSSI_Variance; 
10:27:F5:B7:CB:ED,Isha99_GF,48,1196618,25459.957446808512,74516.09421167595,52.0,321518.0,100,2.9267957090827736,28,-17.95744680851064,761.7054650855313,2374.0,3,25,4,-87.16666666666667,5.2118250706807,21,WPA2,1,11,High_Jitter; Missed_Beacons; Channel_Hopping; Seq_Gaps; Seq_Resets; Weak_Signal; 
12:27:F5:A8:91:B5,,91,1437592,15973.244444444445,59045.218770806365,23.0,438978.0,100,3.696507555022487,71,-8.666666666666666,654.8145118610463,2223.0,4,49,4,-85.52747252747253,6.01357844907055,27,WEP,0,11,High_Jitter; Missed_Beacons; Channel_Hopping; Seq_Gaps; Seq_Resets; Weak_Signal; 
F2:A7:31:E9:CB:A5,ACT103722870556_5g,123,1359167,11140.713114754099,55628.77370339439,20.0,428996.0,100,4.993286616879997,102,11.39344262295082,289.27939988238853,1054.0,3,63,4,-88.42276422764228,5.42913834011318,25,WPA2,1,11,High_Jitter; Missed_Beacons; Channel_Hopping; Seq_Gaps; Seq_Resets; Weak_Signal; 
F2:A7:31:F9:68:16,JVACT5G,288,1710007,5958.2125435540065,32742.853960881577,2.0,334663.0,100,5.495415565664835,208,0.5505226480836237,486.60239587296144,2442.0,27,121,3,-86.80555555555556,5.5940209218019445,25,WPA2,1,11,High_Jitter; Missed_Beacons; Channel_Hopping; Seq_Gaps; Seq_Resets; Weak_Signal; 
F2:A7:31:F9:A5:75,SG_5g,48,1430670,30439.787234042553,82384.35646564276,53.0,356995.0,100,2.7064695238999947,39,61.744680851063826,554.8437487878166,2304.0,3,26,5,-86.97916666666667,5.146738621662879,18,WPA2,1,11,High_Jitter; Missed_Beacons; Channel_Hopping; Seq_Gaps; Seq_Resets; Weak_Signal; 
FC:7A:58:0E:CD:2A,vasudha_4G,323,1440468,4473.503105590062,25669.150962740576,52.0,269544.0,100,5.738042502960715,176,2.027950310559006,197.0639533465171,1621.0,5,150,3,-85.6780185758514,6.10938437391406,28,WPA2,1,11,High_Jitter; Missed_Beacons; Channel_Hopping; Seq_Gaps; Seq_Resets; Weak_Signal; 
1C:61:B4:3A:B6:64,Ganesh upstairs,31,1355417,45180.566666666666,113465.14390823331,83.0,461171.0,100,2.5113705355412086,26,37.8,668.6864323639192,2142.0,4,18,3,-90.83870967741936,2.3251777594203897,10,WPA2,1,11,High_Jitter; Missed_Beacons; Channel_Hopping; Seq_Gaps; Seq_Resets; Weak_Signal; 
1E:61:B4:2A:B6:64,,22,1394574,66408.28571428571,135345.8251761549,90.0,470932.0,100,2.0380864182585174,18,129.57142857142858,854.0820552750521,2523.0,4,9,4,-91.13636363636364,1.8334317171555263,7,WEP,0,11,High_Jitter; Missed_Beacons; Channel_Hopping; Seq_Gaps; Seq_Resets; Weak_Signal; 
28:EE:52:C6:EA:AA,Pearldrops,133,1414103,10712.901515151516,48045.3914538331,43.0,334500.0,100,4.484815937250662,99,9.772727272727273,289.92303771887254,1778.0,4,69,4,-87.30075187969925,5.91862105460131,25,WPA2,1,11,High_Jitter; Missed_Beacons; Channel_Hopping; Seq_Gaps; Seq_Resets; Weak_Signal; 
2A:87:BA:01:91:73,Pearldrops_5G,23,1378451,62656.86363636364,119218.23171865694,93.0,357216.0,100,1.902716235664955,20,85.63636363636364,568.6731880484562,2250.0,3,18,4,-86.91304347826087,3.8836843271009,12,WPA2,1,11,High_Jitter; Missed_Beacons; Channel_Hopping; Seq_Gaps; Seq_Resets; Weak_Signal; 
E8:22:B8:12:3E:9A,JioFiber-3TFFK,178,1583421,8945.881355932202,38789.09630797362,96.0,324422.0,100,4.335972584514076,153,0.4124293785310734,442.0848649288712,2389.0,4,62,4,-86.87640449438203,6.7770303726350605,29,WPA2,1,11,High_Jitter; Missed_Beacons; Channel_Hopping; Seq_Gaps; Seq_Resets; Weak_Signal; 
E8:48:B8:C1:55:02,Mivik,31,1170683,39022.76666666667,98387.33771616506,95.0,347761.0,100,2.5212804246831233,26,-4.533333333333333,609.0206798670691,2484.0,3,10,2,-92.58064516129032,2.3912924475882225,10,WPA2,1,11,High_Jitter; Missed_Beacons; Channel_Hopping; Seq_Gaps; Seq_Resets; Weak_Signal; 
E8:48:B8:FB:00:99,ACT103619873565,160,1426905,8974.245283018869,45387.14688684522,9.0,337706.0,100,5.057489008871823,109,-5.018867924528302,545.8071652764048,2504.0,14,95,5,-85.425,5.057592834839403,23,WPA2,1,11,High_Jitter; Missed_Beacons; Channel_Hopping; Seq_Gaps; Seq_Resets; Weak_Signal; 
10:27:F5:88:91:B5,Deadpool (ground),96,1437326,15129.747368421053,56220.087707412145,61.0,429131.0,100,3.7158642728588687,68,-8.242105263157894,642.9004707025523,2213.0,4,50,4,-84.86458333333333,6.353813263108709,26,WPA2,1,10,High_Jitter; Missed_Beacons; Channel_Hopping; Seq_Gaps; Seq_Resets; 
24:2F:D0:F8:06:08,ilan_4g_EXT,153,1479513,9733.638157894737,45532.84262344616,43.0,334544.0,100,4.677885275798711,95,-9.256578947368421,427.6522616683714,2088.0,4,70,3,-84.57516339869281,7.688587587129857,34,WPA2,1,10,High_Jitter; Missed_Beacons; Channel_Hopping; Seq_Gaps; Seq_Resets; 
9E:53:22:2A:F5:19,,168,1430567,8566.269461077844,36889.49620287125,1.0,331464.0,100,4.30636654218945,98,-5.526946107784431,557.2394611301478,911.0,18,97,5,-83.00595238095238,7.053683815919476,30,WEP,0,10,High_Jitter; Missed_Beacons; Channel_Hopping; Seq_Gaps; Seq_Resets; 
A8:29:48:63:F7:C7,Ganapathy,86,1225961,14423.070588235294,59786.73652415931,52.0,341158.0,100,4.145215552698004,61,-2.223529411764706,601.6389396685444,2014.0,4,57,4,-84.32558139534883,7.252491434737713,29,WPA2,1,10,High_Jitter; Missed_Beacons; Channel_Hopping; Seq_Gaps; Seq_Resets; 
8C:90:2D:3A:B9:96,ACT-ai_103574303016,169,1456836,8671.642857142857,41704.85374203032,43.0,341120.0,100,4.809337103046001,111,-3.5654761904761907,543.1442353167855,3678.0,4,70,3,-83.29585798816568,7.404634609080877,38,WPA2,1,10,High_Jitter; Missed_Beacons; Channel_Hopping; Seq_Gaps; Seq_Resets; 
62:62:8B:CA:09:67,,107,1443688,13619.698113207547,53815.15679933088,22.0,354216.0,100,3.951273835004681,79,14.669811320754716,308.4304265670704,1775.0,3,67,4,-81.88785046728972,9.160340175363162,36,WEP,0,10,High_Jitter; Missed_Beacons; Channel_Hopping; Seq_Gaps; Seq_Resets; 
54:AF:97:24:0F:A3,SAMIKSHA,226,1437251,6387.782222222222,27955.5296017437,42.0,237222.0,100,4.376406180554156,149,7.764444444444444,300.0430959786351,1931.0,3,144,6,-83.35840707964601,8.358088305228302,41,WPA2,1,10,High_Jitter; Missed_Beacons; Channel_Hopping; Seq_Gaps; Seq_Resets; 
5C:62:8B:CA:09:67,Deco-GF,112,1443659,13005.936936936936,53025.14338042065,63.0,351041.0,100,4.076995270194794,76,14.198198198198199,507.8048984657542,2315.0,3,71,4,-80.48214285714286,9.275543880857569,36,WPA2,1,10,High_Jitter; Missed_Beacons; Channel_Hopping; Seq_Gaps; Seq_Resets; 
9C:A2:F4:AD:D2:8F,Home Sweet,542,1427659,2638.9260628465804,24086.77942584558,44.0,448454.0,100,9.127493094950886,320,-1.456561922365989,315.29526499482625,1628.0,3,302,5,-82.65313653136532,8.232615096491571,44,WPA2,1,10,High_Jitter; Missed_Beacons; Channel_Hopping; Seq_Gaps; Seq_Resets; 
9C:A2:F4:D7:B6:BF,.,194,1616147,8373.81865284974,39009.65657617227,53.0,302188.0,100,4.658526556248999,105,4.803108808290156,520.725148021441,1402.0,7,98,5,-84.68556701030928,7.578883804931105,32,WPA2,1,10,High_Jitter; Missed_Beacons; Channel_Hopping; Seq_Gaps; Seq_Resets; 
54:AF:97:5B:06:91,Ganesh ,141,1515279,10823.421428571428,52099.1606995554,43.0,445242.0,100,4.813557435471526,118,3.3,531.5422883614686,1458.0,4,88,5,-83.53191489361703,7.066574429250267,29,WPA2,1,10,High_Jitter; Missed_Beacons; Channel_Hopping; Seq_Gaps; Seq_Resets; 
56:AF:97:69:D4:DA,Vishaka_5G,174,1359432,7857.9884393063585,39907.10427995864,23.0,321666.0,100,5.07853944850074,115,-12.242774566473988,425.91926440066777,1366.0,6,104,5,-83.73563218390805,7.426650603967381,32,WPA2,1,10,High_Jitter; Missed_Beacons; Channel_Hopping; Seq_Gaps; Seq_Resets; 
54:AF:97:D7:89:CA,stupidshan_EXT,27,838883,32264.73076923077,91348.35588561305,102.0,337345.0,100,2.8312139511139547,21,-141.8846153846154,510.8668967097459,36.0,3,19,3,-88.48148148148148,5.154313879358877,18,WPA2,1,10,High_Jitter; Missed_Beacons; Channel_Hopping; Seq_Resets; Weak_Signal; 
56:AF:97:59:06:91,ganesh_5g,140,1599725,11508.812949640287,46649.09123904266,53.0,321829.0,100,4.053336468245178,117,15.179856115107913,617.3893523093079,2188.0,4,84,5,-83.88571428571429,7.07827328686421,30,WPA2,1,10,High_Jitter; Missed_Beacons; Channel_Hopping; Seq_Gaps; Seq_Resets; 
54:AF:97:6C:D4:DA,Vishaka,204,1359327,6696.1921182266005,37138.05682744257,43.0,314823.0,100,5.546145655052077,125,-10.45320197044335,404.15029006239547,1364.0,6,118,5,-83.41666666666667,7.459441510722391,33,WPA2,1,10,High_Jitter; Missed_Beacons; Channel_Hopping; Seq_Gaps; Seq_Resets; 
DE:62:79:27:A6:EA,Tapo_Cam_A6EA,254,1433761,5667.0395256917,32989.95502660108,42.0,425632.0,100,5.821373729831725,196,-8.980237154150197,471.6281529841546,2373.0,3,104,3,-83.23622047244095,7.990069620233607,35,Open,1,10,High_Jitter; Missed_Beacons; Channel_Hopping; Seq_Gaps; Seq_Resets; 
E0:D3:62:1B:7F:C6,Deco_Nest,102,1460036,14455.801980198019,53853.254392287155,53.0,334617.0,100,3.725372999874483,89,-24.475247524752476,874.3001383284735,3269.0,4,65,5,-84.37254901960785,5.675937692196075,26,WPA2,1,10,High_Jitter; Missed_Beacons; Channel_Hopping; Seq_Gaps; Seq_Resets; 
8C:90:2D:3C:03:B3,JioFiber-3TFFK_EXT,215,1609631,7521.640186915888,34441.258911716875,43.0,327929.0,100,4.578955926002615,160,-4.4953271028037385,617.9528580076684,3618.0,6,85,3,-84.14418604651163,8.011245085234394,33,WPA2,1,10,High_Jitter; Missed_Beacons; Channel_Hopping; Seq_Gaps; Seq_Resets; 
E6:D3:62:1B:7F:E2,,172,1469871,8595.736842105263,42027.963345229895,22.0,334929.0,100,4.889396233545818,143,10.251461988304094,429.6578405246675,3066.0,3,111,5,-80.75581395348837,7.776762576786731,34,WEP,0,10,High_Jitter; Missed_Beacons; Channel_Hopping; Seq_Gaps; Seq_Resets; 
E6:D3:62:1B:7F:C6,,85,1397788,16640.333333333332,59567.605178543374,85.0,348057.0,100,3.579712255862082,76,-37.892857142857146,564.9824182754832,1886.0,4,52,5,-84.58823529411765,5.625820824020046,25,WEP,0,10,High_Jitter; Missed_Beacons; Channel_Hopping; Seq_Gaps; Seq_Resets; 
98:DA:C4:CB:3C:02,TP-Link_3C02,115,1440518,12636.122807017544,52426.67528851886,43.0,455134.0,100,4.1489526562098975,85,-4.87719298245614,588.2228092147961,2497.0,3,68,4,-84.44347826086957,8.129641782690928,32,WPA2,1,10,High_Jitter; Missed_Beacons; Channel_Hopping; Seq_Gaps; Seq_Resets; 
BC:07:1D:D4:35:49,Villa7,240,1433726,5998.8535564853555,30246.80821357381,4.0,325160.0,100,5.042098114869284,170,-9.97071129707113,556.4176262204674,3175.0,17,129,4,-80.15,8.05955863280667,38,WPA2,1,10,High_Jitter; Missed_Beacons; Channel_Hopping; Seq_Gaps; Seq_Resets; 
30:BD:13:27:87:96,Airtel__dontuse,398,1655314,4169.556675062972,21661.20118699729,9.0,259932.0,100,5.195084962234038,327,-1.5869017632241813,513.1234081088244,2687.0,15,224,5,-84.9321608040201,6.8945216710308275,34,WPA2,1,10,High_Jitter; Missed_Beacons; Channel_Hopping; Seq_Gaps; Seq_Resets; 
42:6A:D2:16:D6:7E,,186,1417498,7662.151351351351,40381.873509130346,21.0,331446.0,100,5.270304859840443,100,12.556756756756757,438.6660464336989,2954.0,3,107,5,-82.88709677419355,7.553996269116591,32,WEP,0,10,High_Jitter; Missed_Beacons; Channel_Hopping; Seq_Gaps; Seq_Resets; 
A2:E5:32:B6:46:94,J5G,159,1414225,8950.791139240506,44330.628920473966,63.0,337927.0,100,4.952705099013494,116,6.468354430379747,423.1266042167532,2353.0,4,64,3,-84.50943396226415,7.224140196335314,31,WPA2,1,10,High_Jitter; Missed_Beacons; Channel_Hopping; Seq_Gaps; Seq_Resets; 
9E:A2:F4:A9:D2:8F,Home Sweet_5G,564,1424575,2530.3285968028417,23200.13671331243,43.0,448494.0,100,9.16882365928986,345,-1.5097690941385435,307.3180528061304,1378.0,3,311,5,-82.90425531914893,7.817731563435075,44,WPA2,1,10,High_Jitter; Missed_Beacons; Channel_Hopping; Seq_Gaps; Seq_Resets; 
BC:07:1D:D4:36:89,Villa7,261,1437084,5527.246153846154,32994.280265880916,5.0,315436.0,100,5.969388614428243,187,-9.038461538461538,1224.994995837836,3893.0,20,148,4,-82.29501915708812,6.662837096365821,29,WPA2,1,10,High_Jitter; Missed_Beacons; Channel_Hopping; Seq_Gaps; Seq_Resets; 
48:55:5E:19:E8:BA,Villa-144,120,1427598,11996.621848739496,59009.14249216705,53.0,493934.0,100,4.918813248535329,80,-9.92436974789916,510.3587996704696,2541.0,3,64,4,-84.89166666666667,6.3029882646587385,25,WPA2,1,10,High_Jitter; Missed_Beacons; Channel_Hopping; Seq_Gaps; Seq_Resets; 
C2:07:1D:D4:35:49,,219,1427859,6549.811926605505,33902.186000049864,1.0,331372.0,100,5.176054881387091,160,7.481651376146789,281.7775573527373,2093.0,11,123,4,-79.99086757990868,7.697247731387355,38,WEP,0,10,High_Jitter; Missed_Beacons; Channel_Hopping; Seq_Gaps; Seq_Resets; 
48:55:5E:2C:71:FA,advikasarah,255,1466163,5772.295275590551,33435.63366831554,52.0,337489.0,100,5.7924330038889735,160,-4.133858267716535,327.3765008602324,1916.0,4,145,5,-83.9843137254902,8.107044000181192,37,WPA2,1,10,High_Jitter; Missed_Beacons; Channel_Hopping; Seq_Gaps; Seq_Resets; 
C2:07:1D:D4:36:89,,227,1430392,6329.168141592921,35977.48294979394,3.0,321745.0,100,5.684393610540857,158,-10.716814159292035,431.7344753747825,3138.0,16,117,4,-81.36563876651982,6.378424633636905,30,WEP,0,10,High_Jitter; Missed_Beacons; Channel_Hopping; Seq_Gaps; Seq_Resets; 
9C:53:22:3A:F5:19,Santhanam G_1F,213,1434009,6764.193396226415,32431.217551348498,1.0,331358.0,100,4.794543214072881,121,-3.7122641509433962,493.07707523647787,793.0,20,126,5,-83.22065727699531,7.116493302493842,28,WPA2,1,10,High_Jitter; Missed_Beacons; Channel_Hopping; Seq_Gaps; Seq_Resets; 
9C:53:22:77:43:12,ACT-ai_103743468848,66,1430999,22015.36923076923,74172.12478472144,43.0,328255.0,100,3.369106554782989,52,25.923076923076923,452.371608432033,2447.0,3,33,3,-82.06060606060606,6.621361207669028,27,WPA2,1,10,High_Jitter; Missed_Beacons; Channel_Hopping; Seq_Gaps; Seq_Resets; 
E0:D3:62:1B:7F:E2,Deco_Nest,192,1470032,7696.502617801048,39559.708289179696,62.0,331305.0,100,5.139959050042169,160,-11.827225130890053,503.4818206012445,3236.0,4,122,5,-80.63020833333333,8.075800834510076,33,WPA2,1,10,High_Jitter; Missed_Beacons; Channel_Hopping; Seq_Gaps; Seq_Resets; 
B0:A7:B9:AF:A6:1B,ACTFIBERNET,190,1479902,7830.169312169312,34840.49521661921,43.0,311911.0,100,4.449520032475171,110,1.7195767195767195,441.94763660154615,2699.0,4,102,4,-82.6,8.046031589462245,30,WPA2,1,10,High_Jitter; Missed_Beacons; Channel_Hopping; Seq_Gaps; Seq_Resets; 
B0:A7:B9:AF:A4:11,ACTFIBERNET,48,1482576,31544.17021276596,102285.22896746588,53.0,558807.0,100,3.242603253606219,26,-24.638297872340427,513.4144620145944,1655.0,3,27,5,-83.41666666666667,6.661522838272245,24,WPA2,1,10,High_Jitter; Missed_Beacons; Channel_Hopping; Seq_Gaps; Seq_Resets; 
3C:6A:D2:16:D6:7E,KeethuSri ACT,214,1398041,6563.572769953052,37908.88981704625,52.0,331385.0,100,5.775648589562564,122,10.286384976525822,243.31324955311496,2158.0,4,110,5,-83.33177570093459,7.386526220222595,32,WPA2,1,10,High_Jitter; Missed_Beacons; Channel_Hopping; Seq_Gaps; Seq_Resets; 
34:60:F9:A8:56:6D,Karthik,100,1430967,14454.212121212122,67869.04982049018,60.0,500172.0,100,4.6954513498659844,59,0.1414141414141414,502.25060843719325,2068.0,4,55,5,-83.63,6.012873395028909,30,WPA2,1,10,High_Jitter; Missed_Beacons; Channel_Hopping; Seq_Gaps; Seq_Resets; 
E6:FA:C4:91:B6:4C,Pranav_105B_5G,64,1430950,22713.492063492064,84471.15104900779,42.0,503645.0,100,3.718985649990003,55,53.492063492063494,626.6430756745299,1648.0,2,38,4,-86.890625,5.111820063840214,21,WPA2,1,9,High_Jitter; Missed_Beacons; Channel_Hopping; Seq_Gaps; Weak_Signal; 
E8:22:B8:10:0E:BA,JioFiber-Venkat,27,1490040,57309.230769230766,162670.50390265783,60.0,692260.0,100,2.8384695051108046,24,53.84615384615385,481.5419144629213,1555.0,2,11,3,-91.48148148148148,3.651873811645514,13,WPA2,1,9,High_Jitter; Missed_Beacons; Channel_Hopping; Seq_Gaps; Weak_Signal; 
D6:90:16:CD:33:14,Jashim Home ,94,459125,4936.8279569892475,22503.29961874367,53.0,204191.0,100,4.558250725007881,73,1.2580645161290323,493.0249112505417,1958.0,2,61,5,-85.2127659574468,6.279977296763174,29,WPA3,1,9,High_Jitter; Missed_Beacons; Channel_Hopping; Seq_Gaps; Weak_Signal; 
60:98:49:F5:6D:EA,Airtel_Kapildev Kannadasn,27,1144467,44017.96153846154,89768.70193401742,53.0,308592.0,100,2.039365268051791,23,105.0,894.642185457404,2442.0,2,5,2,-91.85185185185185,4.120340759841105,16,WPA2,1,9,High_Jitter; Missed_Beacons; Channel_Hopping; Seq_Gaps; Weak_Signal; 
7C:F1:7E:D1:A2:70,Golden_sprouts,16,29359,1957.2666666666667,2854.3108867282203,84.0,9626.0,100,1.4583147681817699,9,21.133333333333333,32.35487745670033,108.0,0,9,2,-86.9375,4.434241761564203,14,WPA2,1,9,High_Jitter; Missed_Beacons; Channel_Hopping; Seq_Gaps; Weak_Signal; 
8A:CA:E7:DD:AC:D9,GrootZone_5G,189,1366333,7267.728723404255,47657.357064688935,42.0,468525.0,100,6.55739349553054,135,13.0,129.4376153082422,921.0,1,118,5,-86.8941798941799,6.8322933121782885,34,WPA2,1,9,High_Jitter; Missed_Beacons; Channel_Hopping; Seq_Gaps; Weak_Signal; 
DA:47:32:39:06:01,Vaiskumar_5G,137,1157555,8511.433823529413,45585.838704856775,43.0,321051.0,100,5.355835414414112,63,-17.852941176470587,535.39255974315,2176.0,2,75,4,-85.32116788321167,4.974840089906147,21,WPA2,1,9,High_Jitter; Missed_Beacons; Channel_Hopping; Seq_Gaps; Weak_Signal; 
7A:83:94:C0:10:05,Swathimohan,54,1154023,21774.01886792453,71292.65595646272,53.0,354718.0,100,3.2742075032464615,38,36.15094339622642,534.5721652451258,2456.0,2,18,3,-90.4074074074074,3.2127019047836822,15,WPA2,1,9,High_Jitter; Missed_Beacons; Channel_Hopping; Seq_Gaps; Weak_Signal; 
04:AB:08:BD:E1:52,Dharanidharan-4G,75,1346437,18195.094594594593,80024.87533794691,53.0,497119.0,100,4.39815659751077,69,14.41891891891892,206.27073622662232,907.0,2,27,3,-87.97333333333333,5.753901927161028,25,WPA2,1,9,High_Jitter; Missed_Beacons; Channel_Hopping; Seq_Gaps; Weak_Signal; 
CC:2D:21:96:4B:81,ACTFIBERNET,33,1248735,39022.96875,122499.80400102408,42.0,555502.0,100,3.1391718242319766,24,-2.78125,343.10120150737805,1328.0,2,20,4,-85.18181818181819,5.971047570645296,25,WPA2,1,9,High_Jitter; Missed_Beacons; Channel_Hopping; Seq_Gaps; Weak_Signal; 
DA:44:89:2E:11:AD,,26,1229045,49161.8,110574.59455461126,37.0,350943.0,100,2.249197436879082,21,-79.96,847.6299546382254,936.0,2,18,3,-87.5,8.737276463521113,30,WEP,0,9,High_Jitter; Missed_Beacons; Channel_Hopping; Seq_Gaps; Weak_Signal; 
D8:47:32:3A:06:01,Vaiskumar,133,1157863,8771.689393939394,46263.263067975226,42.0,321208.0,100,5.274156548984242,58,-18.348484848484848,543.7015063552371,2178.0,2,77,4,-85.02255639097744,4.689553453920187,23,WPA2,1,9,High_Jitter; Missed_Beacons; Channel_Hopping; Seq_Gaps; Weak_Signal; 
CA:78:C9:FF:93:2D,SHREEDHAR-JIO,21,904010,45200.5,100464.76679989803,153.0,324865.0,100,2.22264724500117,20,113.8,836.0257865577315,3325.0,2,6,2,-93.61904761904762,2.108937895628756,8,WPA2,1,9,High_Jitter; Missed_Beacons; Channel_Hopping; Seq_Gaps; Weak_Signal; 
74:DA:88:E5:67:A1,KURUPS,94,1274730,13706.774193548386,61471.03056409174,53.0,451806.0,100,4.484718993075752,76,1.7096774193548387,268.6800902255142,920.0,2,31,3,-86.44680851063829,5.712873636686181,28,WPA2,1,9,High_Jitter; Missed_Beacons; Channel_Hopping; Seq_Gaps; Weak_Signal; 
5E:62:8B:27:EB:58,,11,1242107,124210.7,202637.22378403234,124.0,565949.0,100,1.631399096715508,9,-12.5,816.8205637306968,633.0,1,5,3,-91.81818181818181,1.662418829187267,5,WEP,0,9,High_Jitter; Missed_Beacons; Channel_Hopping; Seq_Gaps; Weak_Signal; 
72:78:C9:FA:AA:E5,GM_Jio,59,1498778,25841.0,88655.32508917141,102.0,441925.0,100,3.4308008624178865,48,8.39655172413793,587.4847945671019,2817.0,2,28,4,-89.37288135593221,3.1288331254734882,14,WPA2,1,9,High_Jitter; Missed_Beacons; Channel_Hopping; Seq_Gaps; Weak_Signal; 
6C:4F:89:09:FD:11,Airtel_nedo_2350,13,1157333,96444.41666666667,216522.7006614311,53.0,610844.0,100,2.245051690317508,9,37.75,518.1982991796937,1214.0,1,7,3,-92.15384615384616,1.7246329970051526,6,WPA2,1,9,High_Jitter; Missed_Beacons; Channel_Hopping; Seq_Gaps; Weak_Signal; 
6C:5A:B0:B5:22:1F,Bright,31,1238883,41296.1,128951.32532226635,54.0,558556.0,100,3.122602989607826,25,43.36666666666667,606.8775075708461,2735.0,1,15,3,-87.51612903225806,4.65382257033173,19,WPA2,1,9,High_Jitter; Missed_Beacons; Channel_Hopping; Seq_Gaps; Weak_Signal; 
2A:87:BA:2A:B6:16,,27,1384851,53263.5,135774.33758475864,81.0,568924.0,100,2.549106566076385,17,80.76923076923077,701.6927138109562,2947.0,2,9,2,-89.92592592592592,3.5833581792022744,14,WEP,0,9,High_Jitter; Missed_Beacons; Channel_Hopping; Seq_Gaps; Weak_Signal; 
30:68:93:B4:3D:7E,Arun Home,55,1280639,23715.537037037036,86566.70644723203,85.0,497345.0,100,3.6502106744784584,46,25.185185185185187,259.73644654374675,1172.0,2,29,3,-86.56363636363636,4.49181822611189,18,WPA2,1,9,High_Jitter; Missed_Beacons; Channel_Hopping; Seq_Gaps; Weak_Signal; 
FC:7A:58:15:49:0A,stupidshan,20,841511,44290.05263157895,128803.0763066342,102.0,470868.0,100,2.9081716694978375,14,13.157894736842104,448.59933412021405,1123.0,1,13,3,-89.2,4.360106227580869,13,WPA2,1,9,High_Jitter; Missed_Beacons; Channel_Hopping; Seq_Gaps; Weak_Signal; 
F0:ED:B8:BC:70:D7,JioFiber_4G,312,1424382,4580.006430868168,31149.361762528322,52.0,442175.0,100,6.801161139379145,285,7.112540192926045,155.17980269615285,899.0,2,114,3,-85.11858974358974,6.497244575380093,31,WPA2,1,9,High_Jitter; Missed_Beacons; Channel_Hopping; Seq_Gaps; Weak_Signal; 
0C:EF:15:FD:BE:8F,ACT-ai_103784061836,141,1421174,10151.242857142857,50476.88805864007,53.0,451925.0,100,4.972483543544606,105,13.514285714285714,186.19535983655982,407.0,2,81,4,-85.7517730496454,6.3764701703873685,27,WPA2,1,9,High_Jitter; Missed_Beacons; Channel_Hopping; Seq_Gaps; Weak_Signal; 
08:BD:43:66:CF:9E,Gokulam-2F,21,1459619,72980.95,182062.25052624606,54.0,688797.0,100,2.494654434119471,13,-108.55,1080.8127290438238,2708.0,2,7,3,-90.80952380952381,3.280534218980921,13,WPA2,1,9,High_Jitter; Missed_Beacons; Channel_Hopping; Seq_Gaps; Weak_Signal; 
28:87:BA:B8:F0:2B,ACT103656444158,43,1333448,31748.761904761905,110945.1711500005,66.0,520443.0,100,3.4944723664914217,23,17.452380952380953,655.6788774697919,2790.0,1,20,3,-86.72093023255815,5.174689231043131,20,WPA2,1,9,High_Jitter; Missed_Beacons; Channel_Hopping; Seq_Gaps; Weak_Signal; 
28:87:BA:2A:B6:16,TNPolice_Beta,22,1384669,65936.61904761905,148422.14645613916,85.0,565572.0,100,2.2509820581898285,15,99.80952380952381,762.8827969647513,2881.0,2,5,2,-90.0909090909091,4.23037869417194,14,WPA2,1,9,High_Jitter; Missed_Beacons; Channel_Hopping; Seq_Gaps; Weak_Signal; 
28:87:BA:00:91:73,Pearldrops,26,1378452,55138.08,113692.45434025074,90.0,357079.0,100,2.0619588918981,16,75.36,532.0146363901404,2246.0,2,16,4,-87.76923076923077,4.072421317179177,15,WPA2,1,9,High_Jitter; Missed_Beacons; Channel_Hopping; Seq_Gaps; Weak_Signal; 
30:68:93:B4:3B:E6,Arun Home,113,1430831,12775.276785714286,52726.21307567117,53.0,455100.0,100,4.127207101336862,95,25.598214285714285,261.89123180068435,1153.0,2,75,5,-87.31858407079646,4.486617972859608,18,WPA2,1,9,High_Jitter; Missed_Beacons; Channel_Hopping; Seq_Gaps; Weak_Signal; 
E4:C3:2A:02:C7:08,ESPP,29,1339845,47851.607142857145,130612.37807921044,53.0,513881.0,100,2.7295295994249074,25,-87.0,947.3476033017033,1362.0,2,13,3,-91.44827586206897,2.693725605080811,9,WPA2,1,9,High_Jitter; Missed_Beacons; Channel_Hopping; Seq_Gaps; Weak_Signal; 
E4:FA:C4:97:B6:4C,Pranav_105B,63,1427680,23027.09677419355,85612.46500914046,92.0,461807.0,100,3.717900951429031,57,53.32258064516129,354.27134984051594,1396.0,2,40,4,-87.06349206349206,4.599694996455729,18,WPA2,1,9,High_Jitter; Missed_Beacons; Channel_Hopping; Seq_Gaps; Weak_Signal; 
E6:C3:2A:02:D7:08,,20,1333174,70167.05263157895,156533.91203913247,74.0,523688.0,100,2.2308748360687582,16,-135.21052631578948,1143.9274248029785,1424.0,2,10,3,-90.75,2.653200649067184,9,WEP,0,9,High_Jitter; Missed_Beacons; Channel_Hopping; Seq_Gaps; Weak_Signal; 
E6:D3:62:19:9C:0E,,33,1336506,41765.8125,122905.49440760007,75.0,553015.0,100,2.94272964053213,29,47.90625,637.9856080576659,2601.0,2,26,4,-87.12121212121212,4.628428295312404,20,WEP,0,9,High_Jitter; Missed_Beacons; Channel_Hopping; Seq_Gaps; Weak_Signal; 
50:2B:73:B5:11:21,Neptune07,33,1242059,38814.34375,122305.59323047605,53.0,555809.0,100,3.1510411206507905,25,-5.09375,694.8694636927002,2634.0,2,18,3,-86.84848484848484,5.274473979230134,17,WPA2,1,9,High_Jitter; Missed_Beacons; Channel_Hopping; Seq_Gaps; Weak_Signal; 
50:2B:73:95:57:01,Vishal GF,25,351262,14635.916666666666,57189.52926809065,63.0,282493.0,100,3.9074784700320446,19,-12.666666666666666,223.19783906283416,139.0,1,14,3,-88.44,4.31161222746202,13,WPA2,1,9,High_Jitter; Missed_Beacons; Channel_Hopping; Seq_Gaps; Weak_Signal; 
9C:A2:F4:AD:DA:48,Arvin_2.4 First Floor ,11,1244844,124484.4,195647.55152978533,43.0,562043.0,100,1.571663208628661,7,-13.2,1937.4733145115688,3395.0,2,3,2,-93.0909090909091,2.165850662190053,8,WPA2,1,9,High_Jitter; Missed_Beacons; Channel_Hopping; Seq_Gaps; Weak_Signal; 
50:2B:73:B5:8D:21,Sweet Home,30,829512,28603.862068965518,83281.77405725188,56.0,367521.0,100,2.911556972745264,23,18.93103448275862,260.9269097213792,483.0,2,9,3,-92.0,3.227040920634301,12,WPA2,1,9,High_Jitter; Missed_Beacons; Channel_Hopping; Seq_Gaps; Weak_Signal; 
54:AF:97:24:44:1D,242631,20,972209,51168.89473684211,163812.5590463736,95.0,688959.0,100,3.2014089787486757,18,-147.05263157894737,1155.5293387151962,2350.0,2,7,3,-90.5,5.424117682312852,19,WPA2,1,9,High_Jitter; Missed_Beacons; Channel_Hopping; Seq_Gaps; Weak_Signal; 
98:DA:C4:E5:09:70,SKYSUN-R1,20,1395160,73429.47368421052,124549.16273699066,52.0,357683.0,100,1.696173981457751,14,23.05263157894737,847.5909307943969,2682.0,2,7,4,-90.85,3.013565819319104,11,WPA2,1,9,High_Jitter; Missed_Beacons; Channel_Hopping; Seq_Gaps; Weak_Signal; 
92:90:2D:C7:CF:92,,87,1356067,15768.220930232557,70408.52517556147,22.0,481049.0,100,4.465216810610595,65,20.03488372093023,188.99445666781548,857.0,2,48,5,-86.77011494252874,5.301823182302672,25,WEP,0,9,High_Jitter; Missed_Beacons; Channel_Hopping; Seq_Gaps; Weak_Signal; 
8C:A3:99:49:02:21,ilan_4g,57,1485891,26533.76785714286,109853.51986730348,96.0,672794.0,100,4.140140233931794,46,-36.232142857142854,653.6648012571867,1958.0,2,19,2,-87.7719298245614,5.003632765514504,20,WPA2,1,9,High_Jitter; Missed_Beacons; Channel_Hopping; Seq_Gaps; Weak_Signal; 
92:90:2D:C7:E4:56,,35,894117,26297.558823529413,99129.68092358406,21.0,507087.0,100,3.769539278722688,27,30.91176470588235,256.39332564081127,1111.0,1,23,3,-88.77142857142857,4.49892610902355,19,WEP,0,9,High_Jitter; Missed_Beacons; Channel_Hopping; Seq_Gaps; Weak_Signal; 
E0:D3:62:19:9C:0E,MGWiFi,34,1309536,39682.90909090909,121918.77758070218,54.0,555420.0,100,3.072324594407321,30,41.515151515151516,385.5724738304818,1648.0,2,24,5,-85.55882352941177,5.2234388792719875,22,WPA2,1,9,High_Jitter; Missed_Beacons; Channel_Hopping; Seq_Gaps; Weak_Signal; 
E0:D3:62:19:9F:8A,MGWiFi,32,1248407,40271.1935483871,124407.23026936427,74.0,548953.0,100,3.089236233259286,29,-99.48387096774194,461.3188970020444,88.0,3,20,4,-83.75,7.043642752568195,25,WPA2,1,9,High_Jitter; Missed_Beacons; Channel_Hopping; Seq_Resets; 
56:22:54:0C:D7:86,Rankedsuite,7,1391555,231925.83333333334,287567.8116628609,413.0,688572.0,100,1.2399128097486092,6,-504.6666666666667,934.6258431408081,281.0,2,3,2,-92.14285714285714,1.864454471471609,5,WPA2,1,9,High_Jitter; Missed_Beacons; Channel_Hopping; Seq_Gaps; Weak_Signal; 
98:25:4A:D8:EF:51,Sweet Home ,78,1284280,16678.96103896104,75787.45777353122,96.0,497523.0,100,4.543895605484804,68,3.2857142857142856,188.95020627437225,762.0,2,33,3,-87.41025641025641,4.795657931747739,20,WPA2,1,9,High_Jitter; Missed_Beacons; Channel_Hopping; Seq_Gaps; Weak_Signal; 
8C:90:2D:C7:E4:56,Gokila hall,21,861550,43077.5,128734.66299596317,81.0,514001.0,100,2.988443224258017,19,39.05,349.2238725486772,1205.0,1,8,3,-87.19047619047619,5.211708430246724,21,WPA2,1,9,High_Jitter; Missed_Beacons; Channel_Hopping; Seq_Gaps; Weak_Signal; 
8C:90:2D:C7:CF:92,Gokila hall,72,1356057,19099.394366197183,79089.34839109478,53.0,510532.0,100,4.14093488361752,60,27.52112676056338,233.84071863159517,1230.0,2,43,5,-87.43055555555556,4.534147089349443,21,WPA2,1,9,High_Jitter; Missed_Beacons; Channel_Hopping; Seq_Gaps; Weak_Signal; 
48:55:5E:17:C0:D2,Abhaya,50,1219538,24888.530612244896,97521.23771861655,53.0,552826.0,100,3.918320419716494,32,-15.306122448979592,512.8504981994278,1981.0,2,27,4,-87.88,3.7396933193042687,17,WPA2,1,9,High_Jitter; Missed_Beacons; Channel_Hopping; Seq_Gaps; Weak_Signal; 
48:55:5E:09:C0:52,tobi4G,17,1059974,66248.375,159913.58008452566,52.0,569161.0,100,2.4138490956512038,11,137.875,563.782685674779,1471.0,1,8,3,-91.82352941176471,1.9759584420492964,6,WPA2,1,9,High_Jitter; Missed_Beacons; Channel_Hopping; Seq_Gaps; Weak_Signal; 
48:55:5E:2B:9E:DA,Astrid-Jio,11,972288,97228.8,206736.22036294357,102.0,565012.0,100,2.1262858367152253,9,141.1,482.4434221290157,1505.0,1,7,3,-89.0909090909091,4.437443981720681,12,WPA2,1,9,High_Jitter; Missed_Beacons; Channel_Hopping; Seq_Gaps; Weak_Signal; 
C0:68:CC:64:05:B2,Visakha,35,1313685,38637.794117647056,121077.01572785145,53.0,558955.0,100,3.13364203339492,30,23.941176470588236,399.9648424834568,1477.0,2,17,2,-91.4,3.457302586767694,17,WPA2,1,9,High_Jitter; Missed_Beacons; Channel_Hopping; Seq_Gaps; Weak_Signal; 
52:22:54:0C:D7:86,No Internet_Guest,9,1394581,174322.625,264991.360709815,107.0,688566.0,100,1.5201202982590176,7,-374.625,836.5433875691771,281.0,2,5,2,-92.0,2.0,5,WPA2,1,9,High_Jitter; Missed_Beacons; Channel_Hopping; Seq_Gaps; Weak_Signal; 
A0:A3:F0:39:AD:32,Abhaya_5G_Ext,15,1219209,87086.35714285714,177354.5463213803,61.0,565316.0,100,2.036536515454539,10,-25.357142857142858,569.4898671541126,1431.0,2,10,3,-88.26666666666667,5.161210636865661,16,WPA2,1,9,High_Jitter; Missed_Beacons; Channel_Hopping; Seq_Gaps; Weak_Signal; 
A2:09:0D:AB:A8:19,,7,1277740,212956.66666666666,510442.76895795745,166.0,1254856.0,100,2.3969325635366845,6,279.6666666666667,458.486931838484,1196.0,0,5,2,-88.28571428571429,5.498917642417937,13,WEP,0,9,High_Jitter; Missed_Beacons; Channel_Hopping; Seq_Gaps; Weak_Signal; 
48:55:5E:19:EA:BA,Shravan-4g,36,1362510,38928.857142857145,150676.2766490861,53.0,812405.0,100,3.870554845529606,27,33.857142857142854,151.18981891826516,835.0,2,22,4,-87.86111111111111,5.054857792419813,21,WPA2,1,9,High_Jitter; Missed_Beacons; Channel_Hopping; Seq_Gaps; Weak_Signal; 
48:55:5E:22:29:8A,Nideesh-4g,22,1346359,64112.333333333336,147052.02666686827,106.0,507380.0,100,2.293662061869135,19,49.142857142857146,1127.9744804610734,3002.0,2,10,3,-91.72727272727273,3.073416250020073,13,WPA2,1,9,High_Jitter; Missed_Beacons; Channel_Hopping; Seq_Gaps; Weak_Signal; 
48:55:5E:2B:F9:AA,GJ-4G,22,1140942,54330.57142857143,178934.84667542303,53.0,818745.0,100,3.2934468010772866,17,71.28571428571429,588.5493303757249,1524.0,2,17,3,-90.86363636363636,3.1817254160874135,14,WPA2,1,9,High_Jitter; Missed_Beacons; Channel_Hopping; Seq_Gaps; Weak_Signal; 
48:55:5E:2C:0B:2A,Lalithjio4G,8,1329979,189997.0,309677.6533720184,797.0,747282.0,100,1.6299081215513325,7,118.57142857142857,2181.5093289694987,3305.0,1,3,2,-91.5,3.070597894314954,8,WPA2,1,9,High_Jitter; Missed_Beacons; Channel_Hopping; Seq_Gaps; Weak_Signal; 
C8:9E:43:D6:A8:6A,KY_2GEXT,9,1411337,176417.125,291472.777164738,105.0,842034.0,100,1.6521796121724905,7,186.875,1900.100406181586,2965.0,1,5,3,-93.33333333333333,1.8708286933869707,6,WPA2,1,9,High_Jitter; Missed_Beacons; Channel_Hopping; Seq_Gaps; Weak_Signal; 
9A:BA:5F:51:E1:6C,,14,1385157,106550.53846153847,165451.01176915146,122.0,451440.0,100,1.5527937648792034,12,77.38461538461539,651.9883100257676,1939.0,2,10,3,-91.5,3.082207001484488,11,WEP,0,9,High_Jitter; Missed_Beacons; Channel_Hopping; Seq_Gaps; Weak_Signal; 
3E:52:A1:20:3E:1D,MSSM_5G,19,1245375,69187.5,162630.5686978023,96.0,565701.0,100,2.350577325318182,12,-13.38888888888889,711.1810507375071,2124.0,2,8,3,-90.84210526315789,2.1670040223194187,8,WPA2,1,9,High_Jitter; Missed_Beacons; Channel_Hopping; Seq_Gaps; Weak_Signal; 
40:48:6E:8F:10:0A,Airtel_sara_2121,61,1337052,22284.2,89718.57873822332,53.0,510227.0,100,4.026107229974476,41,12.55,261.4594258311071,881.0,1,25,4,-88.50819672131148,4.149790961882586,16,WPA2,1,9,High_Jitter; Missed_Beacons; Channel_Hopping; Seq_Gaps; Weak_Signal; 
48:22:54:0C:D5:22,No Internet,13,1488822,124068.5,240068.97223184537,63.0,688945.0,100,1.9349711830957126,8,-172.91666666666666,806.2086869847639,1143.0,2,3,2,-92.38461538461539,2.0223114472661203,8,WPA2,1,9,High_Jitter; Missed_Beacons; Channel_Hopping; Seq_Gaps; Weak_Signal; 
48:22:54:0C:D7:86,No Internet,11,1395020,139502.0,245063.1324096802,197.0,688544.0,100,1.756699777837762,10,-299.4,1581.3815478877955,2151.0,2,7,2,-91.9090909090909,1.5135749373285392,5,WPA2,1,9,High_Jitter; Missed_Beacons; Channel_Hopping; Seq_Gaps; Weak_Signal; 
A0:91:CA:6F:80:3A,Airtel_ragh_4432,31,1206183,40206.1,123424.247155995,53.0,565650.0,100,3.069789090534153,26,-17.3,436.7701320784906,1421.0,2,5,2,-89.38709677419355,5.463072513734609,19,WPA2,1,9,High_Jitter; Missed_Beacons; Channel_Hopping; Seq_Gaps; Weak_Signal; 
52:22:54:0C:D5:22,No Internet_Guest,9,1488822,186102.75,395634.80191594805,154.0,1143879.0,100,2.12589444225742,8,-260.0,886.9069849764404,856.0,2,3,2,-93.22222222222223,1.7159383568311668,6,WPA2,1,9,High_Jitter; Missed_Beacons; Channel_Hopping; Seq_Gaps; Weak_Signal; 
A8:6E:84:C9:9E:A2,Vishal SF,18,373292,21958.352941176472,67098.81724734532,149.0,279057.0,100,3.055730884007487,16,-20.176470588235293,339.8466998688743,356.0,1,5,3,-90.38888888888889,3.6964034807918975,16,WPA2,1,9,High_Jitter; Missed_Beacons; Channel_Hopping; Seq_Gaps; Weak_Signal; 
3C:6A:D2:4F:75:40,TP-Link_7540,16,800464,53364.26666666667,112399.1982276098,99.0,374071.0,100,2.1062633339944745,14,-9.733333333333333,420.2041114007516,483.0,2,9,3,-91.4375,2.5289984842489197,9,WPA2,1,9,High_Jitter; Missed_Beacons; Channel_Hopping; Seq_Gaps; Weak_Signal; 
A8:40:41:21:1A:0C,dragino-211a0c,18,1332898,78405.76470588235,154256.9831152424,260.0,480870.0,100,1.9674188969641149,17,46.23529411764706,369.89923111094805,630.0,2,4,2,-93.0,1.7489492643904123,6,WPA2,1,9,High_Jitter; Missed_Beacons; Channel_Hopping; Seq_Gaps; Weak_Signal; 
A8:42:A1:87:E3:78,MSSM_EXT,22,1251861,59612.42857142857,150655.76504686815,95.0,559164.0,100,2.527254276577958,11,19.571428571428573,429.89924068653244,1571.0,2,10,2,-89.5909090909091,3.554461862813995,12,WPA2,1,9,High_Jitter; Missed_Beacons; Channel_Hopping; Seq_Gaps; Weak_Signal; 
B4:A7:C6:C1:67:5F,pradyumna4g,9,643781,80472.625,138842.31338046514,107.0,325008.0,100,1.7253359559072394,7,314.375,1087.2452657322278,2895.0,1,3,2,-91.33333333333333,1.7320508075688772,5,WPA2,1,9,High_Jitter; Missed_Beacons; Channel_Hopping; Seq_Gaps; Weak_Signal; 
B6:A7:C6:57:7D:F3,,53,1287618,24761.884615384617,91852.18239781419,22.0,513560.0,100,3.709418076241127,43,15.5,531.6303632574562,1929.0,2,29,4,-89.0754716981132,4.685694499889956,20,WEP,0,9,High_Jitter; Missed_Beacons; Channel_Hopping; Seq_Gaps; Weak_Signal; 
16:32:51:70:E7:A4,AirFiber-Jio,33,1144114,35753.5625,114616.89574177029,106.0,562073.0,100,3.205747559800916,29,83.6875,381.64630116581554,1369.0,1,19,4,-90.45454545454545,2.751032863886184,13,WPA2,1,9,High_Jitter; Missed_Beacons; Channel_Hopping; Seq_Gaps; Weak_Signal; 
A8:6E:84:0C:CF:26,ACT103722870556_5g_EXT,28,1323599,49022.18518518518,119386.7138961699,49.0,454562.0,100,2.435360917567052,22,7.518518518518518,908.7626147836904,1527.0,2,12,3,-91.82142857142857,3.197841533939803,12,WPA2,1,9,High_Jitter; Missed_Beacons; Channel_Hopping; Seq_Gaps; Weak_Signal; 
4A:55:5E:2B:F9:AA,Jio_2,22,1014247,48297.47619047619,178414.7534316092,129.0,818856.0,100,3.694080260514665,17,148.33333333333334,454.9728929654308,1524.0,1,14,4,-89.45454545454545,4.458563432181702,17,WPA2,1,9,High_Jitter; Missed_Beacons; Channel_Hopping; Seq_Gaps; Weak_Signal; 
A8:DA:0C:84:3D:13,Jyothi_4G,38,1356265,36655.81081081081,103335.62485304265,102.0,457848.0,100,2.819078955409357,34,27.486486486486488,709.7581599711593,2292.0,2,15,3,-90.1842105263158,3.517179944968925,13,WPA2,1,9,High_Jitter; Missed_Beacons; Channel_Hopping; Seq_Gaps; Weak_Signal; 
3C:52:A1:70:3E:1D,MSSM,23,1245204,56600.181818181816,147582.55661142807,96.0,558795.0,100,2.6074572884395275,13,-11.136363636363637,653.1340047329707,2120.0,2,13,3,-91.26086956521739,1.8639496507135744,8,WPA2,1,9,High_Jitter; Missed_Beacons; Channel_Hopping; Seq_Gaps; Weak_Signal; 
3C:52:A1:9B:59:4F,COFE_3312,32,1411492,45532.0,132983.47403969662,48.0,504213.0,100,2.9206596248083976,22,-27.93548387096774,545.3895204642808,1157.0,2,17,3,-85.75,5.929695634902406,22,WPA2,1,9,High_Jitter; Missed_Beacons; Channel_Hopping; Seq_Gaps; Weak_Signal; 
3C:6A:D2:16:D4:4A,KeethuSri ACT,14,582233,44787.153846153844,103103.49092687256,113.0,324816.0,100,2.3020773161593664,10,143.53846153846155,635.9628678081523,2144.0,1,7,3,-91.71428571428571,1.5898026693500447,5,WPA2,1,9,High_Jitter; Missed_Beacons; Channel_Hopping; Seq_Gaps; Weak_Signal; 
3C:52:A1:27:F9:F3,Deadpool_1st,74,1434182,19646.328767123287,75850.96797211673,43.0,494155.0,100,3.860821472925111,52,23.534246575342465,329.9500417652387,1736.0,2,39,4,-90.33783783783784,3.29498176778803,17,WPA2,1,9,High_Jitter; Missed_Beacons; Channel_Hopping; Seq_Gaps; Weak_Signal; 
B4:A7:C6:67:7D:F3,JioFiber-p7Eth,57,1287622,22993.25,89684.06378256142,53.0,516515.0,100,3.900451818627683,46,14.392857142857142,505.30511677496503,1987.0,2,34,4,-88.84210526315789,4.522915753946035,22,WPA2,1,9,High_Jitter; Missed_Beacons; Channel_Hopping; Seq_Gaps; Weak_Signal; 
36:68:93:B4:3B:E6,,103,1421004,13931.411764705883,54522.33719581468,22.0,442152.0,100,3.9136261358686584,77,23.107843137254903,268.5528473486443,1041.0,2,58,5,-86.55339805825243,4.702373525292173,22,WEP,0,9,High_Jitter; Missed_Beacons; Channel_Hopping; Seq_Gaps; Weak_Signal; 
B0:A7:B9:AF:A2:91,ICF_65,85,1486133,17692.059523809523,72868.24855933378,53.0,432752.0,100,4.118697908355489,45,31.357142857142858,277.59334228922825,2049.0,2,42,4,-88.28235294117647,4.866336660466186,19,WPA2,1,9,High_Jitter; Missed_Beacons; Channel_Hopping; Seq_Gaps; Weak_Signal; 
B0:95:75:1F:43:FE,Vishaka_EXT,46,1238777,27528.37777777778,101686.01750247246,53.0,549318.0,100,3.693861596917796,37,21.244444444444444,302.27757830086296,1658.0,2,27,3,-90.15217391304348,4.054996321710061,20,WPA2,1,9,High_Jitter; Missed_Beacons; Channel_Hopping; Seq_Gaps; Weak_Signal; 
AC:15:A2:92:A2:48,ESPP_2.4,54,1339871,25280.584905660377,95891.15342135701,42.0,510065.0,100,3.7930749535820154,32,15.037735849056604,248.6368190340892,885.0,1,28,3,-89.27777777777777,3.877446478672343,17,WPA2,1,9,High_Jitter; Missed_Beacons; Channel_Hopping; Seq_Gaps; Weak_Signal; 
FE:7A:58:15:49:0A,,21,1231966,61598.3,127103.9544186279,133.0,392967.0,100,2.063432828772295,17,-35.0,483.3814011185871,1152.0,2,15,3,-89.42857142857143,3.8153823998575627,15,WEP,0,9,High_Jitter; Missed_Beacons; Channel_Hopping; Seq_Gaps; Weak_Signal; 
FC:7A:58:3D:72:AA,No_Internet4,18,894505,52617.94117647059,135369.86031908588,159.0,484662.0,100,2.572693976423524,17,50.23529411764706,337.66931482808826,906.0,1,6,3,-91.77777777777777,3.4904163843226086,13,WPA2,1,9,High_Jitter; Missed_Beacons; Channel_Hopping; Seq_Gaps; Weak_Signal; 
EA:D3:62:19:9F:8A,,37,1501920,41720.0,106146.46163377953,90.0,441718.0,100,2.544258428361344,35,90.69444444444444,840.5181673720917,3061.0,2,28,5,-85.51351351351352,7.9078780045303265,27,WEP,0,9,High_Jitter; Missed_Beacons; Channel_Hopping; Seq_Gaps; Weak_Signal; 
EC:75:0C:8D:25:50,Priyanka_EXT,49,1310352,27299.0,101955.99911455337,43.0,555857.0,100,3.7347887875313592,35,20.375,329.66815197336234,1536.0,2,33,5,-87.0204081632653,5.234062300285057,19,WPA2,1,9,High_Jitter; Missed_Beacons; Channel_Hopping; Seq_Gaps; Weak_Signal; 
EE:D3:62:19:9C:0E,MGWiFi_Guest,41,1336498,33412.45,110792.73454795138,53.0,549642.0,100,3.315911719871948,38,40.55,573.7753044528843,2674.0,2,29,5,-86.92682926829268,4.649678719559229,20,WPA2,1,9,High_Jitter; Missed_Beacons; Channel_Hopping; Seq_Gaps; Weak_Signal; 
F0:ED:B8:40:F1:96,sbkmedicals4G,31,971998,32399.933333333334,131101.1225210191,86.0,685813.0,100,4.046339267682837,28,49.233333333333334,593.5915049195395,2733.0,1,14,4,-87.09677419354838,5.758210594213434,20,WPA2,1,9,High_Jitter; Missed_Beacons; Channel_Hopping; Seq_Gaps; Weak_Signal; 
00:5F:67:F7:5E:DF,Reddington,53,1150844,22131.615384615383,72023.19217763827,52.0,328098.0,100,3.254312481159884,35,54.13461538461539,590.3233420677564,2541.0,2,13,3,-89.9245283018868,4.047074235713487,23,WPA2,1,9,High_Jitter; Missed_Beacons; Channel_Hopping; Seq_Gaps; Weak_Signal; 
00:5F:67:F6:E5:A4,ACT103620300345,286,1421123,4986.39649122807,36308.60130258377,42.0,458562.0,100,7.281531133590222,183,5.578947368421052,122.27888168992538,382.0,2,141,4,-83.8986013986014,7.594101922015726,29,WPA2,1,8,High_Jitter; Missed_Beacons; Channel_Hopping; Seq_Gaps; 
FC:7A:58:22:70:7A,JioFiber4g,93,1343317,14601.271739130434,72310.74852027677,63.0,497177.0,100,4.952359616836418,55,18.66304347826087,477.2874425281176,1560.0,2,48,4,-83.6774193548387,5.716416653362376,23,WPA2,1,8,High_Jitter; Missed_Beacons; Channel_Hopping; Seq_Gaps; 
FC:7A:58:0F:4C:5A,Priyanka_4G,9,1245505,155688.125,436226.9156094394,96.0,1235288.0,100,2.8019279929451106,6,17.625,18.141802556526734,42.0,0,5,3,-91.22222222222223,1.9860625479688307,7,WPA2,1,8,High_Jitter; Missed_Beacons; Channel_Hopping; Weak_Signal; 
4E:22:54:0C:D7:86,,9,946234,118279.25,329021.505018289,198.0,932547.0,100,2.781734793004752,8,-410.125,1213.1476694356475,64.0,1,4,2,-91.88888888888889,1.1666666666666665,3,WEP,0,8,High_Jitter; Missed_Beacons; Channel_Hopping; Weak_Signal; 
50:2B:73:81:AE:21,DJNet,92,1258329,13827.791208791208,71290.0022126395,83.0,539580.0,100,5.1555596357399684,65,2.5714285714285716,208.88748395339766,1249.0,2,50,4,-84.81521739130434,5.887086534467589,29,WPA2,1,8,High_Jitter; Missed_Beacons; Channel_Hopping; Seq_Gaps; 
FE:7A:58:12:70:7A,,94,1343064,14441.548387096775,71410.33342081585,21.0,497437.0,100,4.9447837241382455,60,18.419354838709676,471.43597293571065,1564.0,2,53,5,-83.87234042553192,5.989657829552736,24,WEP,0,8,High_Jitter; Missed_Beacons; Channel_Hopping; Seq_Gaps; 
B0:19:21:93:04:97,kokila-internet,75,1489063,20122.472972972973,95952.86919596315,43.0,672678.0,100,4.768443188870053,53,-25.18918918918919,561.1417586547832,1968.0,2,31,3,-85.0,6.561558812816818,28,WPA2,1,8,High_Jitter; Missed_Beacons; Channel_Hopping; Seq_Gaps; 
B4:A7:C6:F4:4E:D4,MY HOME_4G,192,1430928,7491.7696335078535,42316.678145039485,53.0,448487.0,100,5.648422229926099,118,11.984293193717278,175.05435175335478,453.0,2,103,4,-83.83854166666667,8.293691159271319,36,WPA2,1,8,High_Jitter; Missed_Beacons; Channel_Hopping; Seq_Gaps; 
AA:29:48:43:F7:C7,,46,1229412,27320.266666666666,103444.29687043255,54.0,552831.0,100,3.7863575099308275,32,-2.066666666666667,664.2186592325809,1423.0,1,29,5,-81.1086956521739,7.4213753168939585,30,WEP,0,8,High_Jitter; Missed_Beacons; Channel_Hopping; Seq_Gaps; 
AA:29:48:53:F7:C7,,45,1229413,27941.204545454544,103320.42919843049,43.0,546262.0,100,3.6977800662334297,31,-2.1136363636363638,666.3403074939415,1423.0,2,25,4,-81.86666666666666,7.053690201202875,28,WEP,0,8,High_Jitter; Missed_Beacons; Channel_Hopping; Seq_Gaps; 
8C:A3:99:A1:A7:AD,Prakash 2 G,364,1434076,3950.6225895316807,28190.450196570906,52.0,435700.0,100,7.135698121135128,316,8.393939393939394,153.62047539441207,1093.0,2,165,3,-80.03846153846153,8.094732079184483,37,WPA2,1,8,High_Jitter; Missed_Beacons; Channel_Hopping; Seq_Gaps; 
98:9D:B2:7F:67:18,Pousses Dor_2.4G,29,1189503,42482.25,218412.47541591016,62.0,1156897.0,100,5.141264302403213,17,-19.214285714285715,160.4826879189563,61.0,1,14,4,-90.06896551724138,2.9146310043684114,12,WPA2,1,8,High_Jitter; Missed_Beacons; Channel_Hopping; Weak_Signal; 
D8:0D:17:B6:18:13,GHOST,39,1248698,32860.47368421053,114354.53224257535,103.0,555243.0,100,3.480002550725334,32,-2.5,337.86377792304467,1327.0,2,23,4,-83.82051282051282,8.210621474240082,30,WPA2,1,8,High_Jitter; Missed_Beacons; Channel_Hopping; Seq_Gaps; 
D8:44:89:1E:11:AD,stupidshanG,22,1228882,58518.19047619047,139925.66899987258,54.0,471386.0,100,2.3911482542238476,19,-95.38095238095238,780.4237615674241,1064.0,2,15,3,-84.77272727272727,8.917248231226719,27,WPA2,1,8,High_Jitter; Missed_Beacons; Channel_Hopping; Seq_Gaps; 
78:20:51:D6:39:56,Airtel_ragh_4432_EXT,27,614756,23644.46153846154,78969.9114033849,111.0,328170.0,100,3.3398904547514303,24,-69.57692307692308,326.2341702614149,72.0,2,6,3,-91.14814814814815,3.62367963968314,13,WPA2,1,8,High_Jitter; Missed_Beacons; Channel_Hopping; Weak_Signal; 
30:BD:13:07:F9:86,Airtel_Golden Sprouts,24,1183715,51465.86956521739,239029.2629782738,53.0,1147921.0,100,4.644422896046325,13,-31.565217391304348,228.51732102382337,95.0,1,12,3,-91.5,3.1207579904219758,15,WPA2,1,8,High_Jitter; Missed_Beacons; Channel_Hopping; Weak_Signal; 
54:AF:97:24:1F:03,ACT103650185889,125,1495871,12063.475806451614,74301.19837432771,51.0,672405.0,100,6.159186586044449,77,0.6451612903225806,637.3181384922237,3718.0,2,72,4,-80.6,7.4455009147113635,32,WPA2,1,8,High_Jitter; Missed_Beacons; Channel_Hopping; Seq_Gaps; 
E6:D3:62:19:9F:8A,MGWiFi_Guest,51,1512458,30249.16,102062.61782494118,75.0,548828.0,100,3.3740645301081784,42,32.18,306.9614540715402,1574.0,2,38,5,-84.3921568627451,7.563275563861333,26,WPA2,1,8,High_Jitter; Missed_Beacons; Channel_Hopping; Seq_Gaps; 
56:AF:97:21:1F:03,ACT103650185889_5g,112,1498985,13504.36936936937,78341.20365577143,44.0,672396.0,100,5.801174531530801,80,1.2612612612612613,675.8369318073394,3786.0,2,72,4,-81.14285714285714,7.576465627377413,33,WPA2,1,8,High_Jitter; Missed_Beacons; Channel_Hopping; Seq_Gaps; 
42:F5:20:1C:1F:C6,WiZConfig_cae5,30,224588,7744.413793103448,35395.36534987641,33.0,191600.0,100,4.570438291511003,19,-65.41379310344827,414.88729254731504,62.0,1,15,3,-87.53333333333333,5.72190788855059,19,Open,0,8,High_Jitter; Missed_Beacons; Channel_Hopping; Weak_Signal; 
42:24:81:B0:1F:10,Redmi 11 Prime 5G,23,84493,3840.590909090909,10174.444726437998,43.0,48661.0,100,2.6491873163854267,12,-148.63636363636363,775.540705109271,63.0,1,9,3,-93.52173913043478,1.4418915990459233,6,WPA2,1,8,High_Jitter; Missed_Beacons; Channel_Hopping; Weak_Signal; 
9A:BA:5F:41:AE:D8,,7,897382,149563.66666666666,242087.86811458904,50.0,568980.0,100,1.618627528385707,4,95.33333333333333,773.4079561697479,1460.0,1,3,2,-91.0,2.581988897471611,7,WEP,0,7,High_Jitter; Channel_Hopping; Seq_Gaps; Weak_Signal; 
5C:62:8B:1C:20:3A,J2G_EXT,7,939991,156665.16666666666,175005.5834085492,123.0,357360.0,100,1.1170676106947757,5,283.8333333333333,1230.6743544360816,2739.0,2,4,2,-92.28571428571429,3.093772546815388,9,WPA2,1,7,High_Jitter; Channel_Hopping; Seq_Gaps; Weak_Signal; 
9C:A2:F4:D7:D2:5B,ESPP2026,6,1033830,206766.0,282966.3028065356,105.0,519953.0,100,1.3685340085176823,2,-43.6,325.49777264982936,336.0,1,3,2,-95.16666666666667,0.752772652709081,2,WPA2,1,7,High_Jitter; Channel_Hopping; Seq_Gaps; Weak_Signal; 
4C:AE:1C:2B:DB:7E,Venkat_1floor,4,338394,112798.0,194731.8742707521,365.0,337655.0,100,1.7263770126157,3,-260.6666666666667,454.952012121425,2.0,1,3,2,-94.0,0.816496580927726,2,WPA2,1,7,High_Jitter; Channel_Hopping; Weak_Signal; Few_Beacons; 
40:48:6E:96:40:7A,Airtel_Yuvi_44,6,1147543,229508.6,309625.6379982123,106.0,624067.0,100,1.3490807664587001,3,552.8,757.039430941348,1752.0,0,3,2,-93.83333333333333,0.752772652709081,2,WPA2,1,7,High_Jitter; Channel_Hopping; Seq_Gaps; Weak_Signal; 
E8:22:B8:58:E0:2A,Mivik,12,608557,55323.36363636364,119235.29755342813,106.0,338445.0,100,2.1552430964790505,10,180.27272727272728,791.0180896678775,2469.0,1,2,2,-92.16666666666667,2.167249338901663,8,WPA2,1,6,High_Jitter; Missed_Beacons; Seq_Gaps; Weak_Signal; 
5C:62:8B:77:EB:58,Vishaka FF,12,1238498,112590.72727272728,198143.4082754664,107.0,565706.0,100,1.7598554789840373,9,-23.90909090909091,808.6034200453835,1088.0,1,1,1,-91.0,3.4902461491731755,12,WPA2,1,6,High_Jitter; Missed_Beacons; Seq_Gaps; Weak_Signal; 
4E:22:54:0C:D5:22,,11,1491998,149199.8,241292.5604446924,261.0,692455.0,100,1.6172445301071126,10,-204.8,841.8623270926059,857.0,2,1,1,-91.63636363636364,1.9632996344280853,7,WEP,0,6,High_Jitter; Missed_Beacons; Seq_Gaps; Weak_Signal; 
6C:5A:B0:34:A2:93,TP-Link_A293,12,689517,62683.36363636364,133851.83455991384,141.0,338310.0,100,2.1353645814904683,10,284.6363636363636,1070.091516901921,3467.0,1,1,1,-93.25,2.8324419275118906,11,WPA2,1,6,High_Jitter; Missed_Beacons; Seq_Gaps; Weak_Signal; 
5A:22:54:0C:D7:86,,4,1391571,463857.0,221028.20111243724,247203.0,689014.0,100,0.4765007343038064,3,355.3333333333333,2273.506616074238,2632.0,1,1,1,-92.75,2.217355782608345,5,WEP,0,5,High_Jitter; Seq_Gaps; Weak_Signal; Few_Beacons; 
48:55:5E:2C:09:CA,Abishek_wi-fi,4,578889,192963.0,297473.634724155,13319.0,536333.0,100,1.5416097113053455,3,-772.3333333333334,1714.5076066711786,295.0,1,1,1,-90.75,1.2583057392117916,3,WPA2,1,5,High_Jitter; Seq_Gaps; Weak_Signal; Few_Beacons; 
BC:51:5F:28:4D:1C,Airtel_Yash,4,13005,4335.0,7235.825523048493,106.0,12690.0,100,1.669163903432371,2,42.333333333333336,71.59143337951359,125.0,0,1,1,-95.0,1.4142135623730951,3,WPA2,1,5,High_Jitter; Seq_Gaps; Weak_Signal; Few_Beacons; 
9A:BA:5F:51:AE:D8,,3,896856,448428.0,170487.6875847637,327875.0,568981.0,100,0.3801896571676691,2,283.0,1664.529362913133,1460.0,1,2,2,-91.0,4.0,8,WEP,0,5,High_Jitter; Seq_Gaps; Weak_Signal; Few_Beacons; 
AA:29:48:53:FB:36,,3,328714,164357.0,232276.09233840663,113.0,328601.0,100,1.4132412512822294,1,894.0,1260.0642840744276,1785.0,0,1,1,-88.66666666666667,4.725815626252608,9,WEP,0,5,High_Jitter; Seq_Gaps; Weak_Signal; Few_Beacons; 
98:03:8E:B2:B3:E5,Saraagam,4,626955,208985.0,182134.82550297733,106.0,334644.0,100,0.8715210445826533,2,631.0,1824.4878733496696,2687.0,1,2,2,-91.75,0.9574271077563381,2,WPA2,1,5,High_Jitter; Seq_Gaps; Weak_Signal; Few_Beacons; 
78:20:51:A7:52:22,Lakshmibhanu_4G,5,767447,191861.75,366574.567547882,3092.0,741689.0,100,1.910618283977767,4,342.25,163.15713285051316,510.0,0,2,2,-92.8,1.3038404810405297,3,WPA2,1,4,High_Jitter; Seq_Gaps; Weak_Signal; 
8A:87:4C:07:1B:16,Raven,9,1134322,141790.25,366596.7577258034,102.0,1046664.0,100,2.5854863625899376,5,-391.625,1324.721635180118,359.0,1,1,1,-93.44444444444444,1.3333333333333333,4,WPA2,1,4,High_Jitter; Seq_Gaps; Weak_Signal; 
FE:BF:77:8A:46:53,JarinaArun,6,897137,179427.4,221536.55370006096,212.0,493865.0,100,1.2346863059868576,5,109.2,668.9067199542848,726.0,1,1,1,-91.83333333333333,2.3166067138525404,5,WPA2,1,4,High_Jitter; Seq_Gaps; Weak_Signal; 
EE:FA:BC:58:76:A6,SmartLife-76A6,3,1241710,620855.0,877841.9561447265,127.0,1241583.0,100,1.4139242756252468,1,-132.5,190.21172413918129,2.0,1,1,1,-91.0,3.605551275463989,7,Open,0,4,High_Jitter; Weak_Signal; Few_Beacons; 
98:BA:5F:F1:AF:0E,ACT_ai-103716243216,4,365,121.66666666666667,40.203648258999245,84.0,164.0,100,0.3304409418785614,1,1.0,0.0,1.0,0,2,2,-90.75,0.9574271077563381,2,WPA2,1,4,High_Jitter; Weak_Signal; Few_Beacons; 
50:2B:73:83:83:51,WhaleTale,3,6676,3338.0,4563.667165777978,111.0,6565.0,100,1.3671860887989191,1,32.5,44.54772721475249,64.0,0,1,1,-91.66666666666667,3.511884584284246,7,WPA2,1,4,High_Jitter; Weak_Signal; Few_Beacons; 
50:3D:D1:33:3D:9E,ACT-ai_103785753450,4,3505,1168.3333333333333,1738.965880439675,102.0,3175.0,100,1.4884158735674113,2,11.333333333333334,17.03917055884274,31.0,0,2,2,-93.5,1.2909944487358056,3,WPA2,1,4,High_Jitter; Weak_Signal; Few_Beacons; 
AA:29:48:43:FB:36,,5,351676,87919.0,160701.8092804185,114.0,328431.0,100,1.8278393666737642,3,629.0,841.221730579994,1782.0,0,2,2,-88.6,3.974921382870358,10,WEP,0,4,High_Jitter; Seq_Gaps; Weak_Signal; 
98:BA:5F:F1:AE:D8,ACT_ai-103716243216,5,890809,222702.25,271690.7366932422,169.0,562428.0,100,1.219973020892345,4,127.0,965.8357348258899,1396.0,1,2,2,-93.4,1.6733200530681511,4,WPA2,1,4,High_Jitter; Seq_Gaps; Weak_Signal; 
A2:09:0D:AB:A8:18,Sid_1,3,3420,1710.0,2179.3030996169396,169.0,3251.0,100,1.2744462563406393,2,34.0,42.42640687119285,64.0,0,2,2,-88.0,1.7320508075688772,3,WPA2,1,4,High_Jitter; Weak_Signal; Few_Beacons; 
A8:DA:0C:A9:02:87,RAJ4G,6,1414476,282895.2,293073.8586648424,221.0,692292.0,100,1.0359803159042869,5,285.0,1270.8058466972836,2189.0,1,2,2,-94.66666666666667,1.7511900715418263,5,WPA2,1,4,High_Jitter; Seq_Gaps; Weak_Signal; 
9A:BA:5F:51:AF:0E,,3,339,169.5,82.73149339882606,111.0,228.0,100,0.48809140360315434,1,2.0,1.4142135623730951,3.0,0,2,2,-92.0,1.0,2,WEP,0,4,High_Jitter; Weak_Signal; Few_Beacons; 
CA:BB:C1:66:23:D2,gravity,4,538,179.33333333333334,121.00550951644034,43.0,274.0,100,0.6747519080391549,2,1.3333333333333333,0.5773502691896257,2.0,0,2,2,-90.25,0.9574271077563381,2,WPA2,1,4,High_Jitter; Weak_Signal; Few_Beacons; 
7A:20:51:A7:52:22,,6,826190,165238.0,211302.56160420773,272.0,399607.0,100,1.2787770464598274,5,-86.6,783.3982384458112,900.0,2,2,2,-91.83333333333333,1.7224014243685084,5,WEP,0,4,High_Jitter; Seq_Gaps; Weak_Signal; 
82:E5:32:B7:10:42,ADHPRE-4g,3,534,267.0,154.14927829866735,158.0,376.0,100,0.5773381188064766,2,4.0,2.8284271247461903,6.0,0,2,2,-93.0,1.0,2,WPA2,1,4,High_Jitter; Weak_Signal; Few_Beacons; 
56:22:54:0C:D5:22,Rankedsuite,5,1401015,350253.75,539756.6176962694,3121.0,1141020.0,100,1.5410445075740897,4,289.5,1991.659693153761,2947.0,1,1,1,-93.2,1.0954451150103321,3,WPA2,1,4,High_Jitter; Seq_Gaps; Weak_Signal; 
E4:FA:C4:0D:11:A5,ACTFIBERNET,2,94413,94413.0,,94413.0,94413.0,100,,1,923.0,,923.0,0,1,1,-93.5,0.7071067811865476,1,WPA2,1,3,Seq_Gaps; Weak_Signal; Few_Beacons; 
A8:29:48:63:FB:36,Ganapathy,2,331817,331817.0,,331817.0,331817.0,100,,1,1888.0,,1888.0,0,1,1,-90.0,8.48528137423857,12,WPA2,1,3,Seq_Gaps; Weak_Signal; Few_Beacons; 
5C:A6:E6:72:76:36,ACTFIBERNET,2,1241860,1241860.0,,1241860.0,1241860.0,100,,1,562.0,,562.0,0,1,1,-91.5,0.7071067811865476,1,WPA2,1,3,Seq_Gaps; Weak_Signal; Few_Beacons; 
9E:A2:F4:A7:D2:5B,,5,1033814,258453.5,383750.0684199722,90.0,812461.0,100,1.484793467368356,2,-54.25,158.79205479704163,62.0,1,1,1,-94.4,2.3021728866442674,6,WEP,0,3,High_Jitter; Weak_Signal; 
C2:BB:C1:78:28:0E,PRAVIYA,2,758243,758243.0,,758243.0,758243.0,100,,1,540.0,,540.0,0,1,1,-94.0,2.8284271247461903,4,WPA2,1,3,Seq_Gaps; Weak_Signal; Few_Beacons; 
FA:54:B8:D1:75:52,,2,370,370.0,,370.0,370.0,100,,1,2.0,,2.0,0,2,2,-89.0,2.8284271247461903,4,WPA2,1,2,Weak_Signal; Few_Beacons; 
F0:ED:B8:D8:B2:69,Ajay_4G,3,427,213.5,17.67766952966369,201.0,226.0,100,0.08279938850990305,2,1.0,0.0,1.0,0,1,1,-93.0,1.0,2,WPA2,1,2,Weak_Signal; Few_Beacons; 
7C:F1:7E:6E:47:2A,Reddington_EXT,3,308,154.0,12.727922061357855,145.0,163.0,100,0.08264884401759098,1,1.5,0.7071067811865476,2.0,0,2,2,-89.33333333333333,3.055050463303893,6,WPA2,1,2,Weak_Signal; Few_Beacons; 
9A:BA:5F:41:AF:0E,,2,107,107.0,,107.0,107.0,100,,0,1.0,,1.0,0,1,1,-92.0,1.4142135623730951,2,WEP,0,2,Weak_Signal; Few_Beacons; 
60:E3:27:7C:50:54,sarahjohn,2,131,131.0,,131.0,131.0,100,,0,1.0,,1.0,0,1,1,-92.0,1.4142135623730951,2,WPA2,1,2,Weak_Signal; Few_Beacons; 
82:E5:32:B7:10:46,ADHPRE-5g,2,366,366.0,,366.0,366.0,100,,1,6.0,,6.0,0,2,2,-92.0,2.8284271247461903,4,WPA2,1,2,Weak_Signal; Few_Beacons; 
5E:22:54:0C:D5:22,,2,1238270,1238270.0,,1238270.0,1238270.0,100,,1,-198.0,,-198.0,1,1,1,-92.5,0.7071067811865476,1,WEP,0,2,Weak_Signal; Few_Beacons; 
48:55:5E:2B:ED:4A,gautham4g,2,292,292.0,,292.0,292.0,100,,1,2.0,,2.0,0,1,1,-92.0,1.4142135623730951,2,WPA2,1,2,Weak_Signal; Few_Beacons; 
32:52:A1:06:0D:D3,Rankedsuite,2,80,80.0,,80.0,80.0,100,,0,6.0,,6.0,0,1,1,-88.5,2.1213203435596424,3,WPA2,1,2,Weak_Signal; Few_Beacons; 
32:52:A1:06:0D:D6,,2,337,337.0,,337.0,337.0,100,,1,19.0,,19.0,0,2,2,-91.0,0.0,0,WEP,0,2,Weak_Signal; Few_Beacons; 
